Ngày,Tháng năm,Khoản,Loại chi tiêu,Tiền
27/4/2025,1/4/2025,Học phí VINS Suna,Chi phí Suna,133949700
26/7/2024,1/7/2024,Gửi ông bà nội tiền,Phát sinh,100000000
19/10/2024,1/10/2024,Coc thi công nội thất đợt 1,Phát sinh,64000000
22/11/2024,1/11/2024,Thanh toán thiết kế đợt 2 ,Phát sinh,64000000
6/10/2024,1/10/2024,Phí bảo trì ,Phát sinh,63000000
4/12/2024,1/12/2024,Thanh toán đợt cuối thiết kế nhà,Phát sinh,52728740
24/7/2024,1/7/2024,Mua xe,Phát sinh,27800000
23/8/2024,1/8/2024,Tặng ghế ông bà nội,Phát sinh,25000000
7/8/2024,1/8/2024,Cửa cuốn,Phát sinh,22000000
19/10/2024,1/10/2024,Làm sổ đỏ + wifi,Phát sinh,21100000
2/2/2024,1/2/2024,Mua đt,Phát sinh,18610000
1/5/2024,1/5/2024,Đóng BH Của mẹ Năm 2,Phát sinh,16847000
21/4/2025,1/4/2025,Phí BH Manulife Mẹ (năm 3),Phát sinh,16847000
8/10/2024,1/10/2024,Thuê nhà Vin + cọc 1 tháng,Phát sinh,16000000
23/9/2025,1/9/2025,Học phí Apollo T10 - T4/2026,Chi phí Suna,13545000
2/6/2024,1/6/2024,Mẹ đóng phí học lái xe full,Phát sinh,13000000
10/5/2024,1/5/2024,Phí BH Ba năm 2,Phát sinh,12842000
13/5/2025,1/5/2025,Phí BH Manulife Ba (năm 3),Phát sinh,12100000
1/11/2023,1/11/2023,Ba đóng tiển học lái xe,Phát sinh,11300000
31/12/2024,1/12/2024,Nệm Hanvico,Phát sinh,10900000
27/2/2024,1/2/2024,Máy game Ba,Phát sinh,10000000
3/3/2024,1/3/2024,Mẹ tiền PS5,Phát sinh,10000000
28/5/2024,1/5/2024,Quà sinh nhật Mẹ,Phát sinh,10000000
16/7/2024,1/7/2024,Đặt cọc xe,Phát sinh,10000000
8/8/2024,1/8/2024,Vé máy bay BMT - ĐH,Phát sinh,7284000
25/11/2024,1/11/2024,Nệm Hanvico,Phát sinh,7200000
7/8/2024,1/8/2024,Vé máy bay ĐH - BMT,Phát sinh,7172000
5/11/2023,1/11/2023,Mua máy lọc nước,Phát sinh,6990000
15/7/2025,1/7/2025,Clb Toán Vins,Chi phí Suna,6840000
28/3/2025,1/3/2025,Vé máy bay sg-bmt,Phát sinh,6558000
20/9/2025,1/9/2025,Thuế trước bạ,Phát sinh,6500000
22/10/2024,1/10/2024,Thanh toán căn hộ ,Phát sinh,6485000
26/2/2024,1/2/2024,Mẹ học lái xe ,Phát sinh,6000000
15/7/2025,1/7/2025,Clb Múa Vins,Chi phí Suna,5814000
23/8/2024,1/8/2024,Sửa xe oto,Phát sinh,5735000
20/12/2024,1/12/2024,Vé máy bay 2 mẹ con,Phát sinh,5420000
24/7/2025,1/7/2025,Vé máy bay BMT - SG,Phát sinh,5162500
9/10/2024,1/10/2024,Cọc tiền thiết kế,Phát sinh,5000000
4/1/2025,1/1/2025,Biếu tết ngoại,Phát sinh,5000000
4/1/2025,1/1/2025,Biếu tết nội,Phát sinh,5000000
1/2/2026,1/2/2026,Biếu Tết ob ngoại,Phát sinh,5000000
1/2/2026,1/2/2026,Biếu Tết ob nội,Phát sinh,5000000
22/12/2025,1/12/2025,CLB Kịch Nghệ tiếng Anh,Chi phí Suna,4406000
20/9/2025,1/9/2025,Trả thẻ ba,Phát sinh,4200000
5/2/2025,1/2/2025,Vé máy bay 2 mẹ con,Phát sinh,4166000
28/7/2024,1/7/2024,Vé may bay ba Hải,Phát sinh,4110000
1/5/2024,1/5/2024,Trả ba tiền cọc nhà,Phát sinh,4000000
17/11/2024,1/11/2024,Vacxin zona bà ngoại (mẹ mượn),Phát sinh,3700000
8/10/2024,1/10/2024,Vé máy bay 2 mẹ con,Phát sinh,3649000
13/4/2024,1/4/2024,Vé máy bay,Phát sinh,3580000
6/2/2026,1/2/2026,Phí công chứng giấy tờ ,Phát sinh,3300000
13/6/2024,1/6/2024,Tiền học Suna,Chi phí Suna,3200000
1/11/2023,1/11/2023,Tiền mẹ + nợ ,Phát sinh,3140000
15/2/2025,1/2/2025,Tiền làm đường,Phát sinh,3000000
30/5/2025,1/5/2025,Vận chuyển đồ bmt-sg,Phát sinh,3000000
1/2/2026,1/2/2026,Lixi cháu,Phát sinh,3000000
7/6/2025,1/6/2025,Tiền net (1 năm) Vins,Phát sinh,2940000
30/8/2025,1/8/2025,Resort thanh toán đủ,Phát sinh,2850000
6/2/2026,1/2/2026,Phí QL Vins tháng 1/2026,Phát sinh,2765000
20/9/2024,1/9/2024,Trả thẻ VIB,Phát sinh,2757000
6/8/2025,1/8/2025,Phí quản lý Vins,Điện nước,2747000
6/11/2025,1/11/2025,Phí QL Vins,Điện nước,2747000
7/10/2025,1/10/2025,Phí QL Vins,Điện nước,2733000
8/9/2025,1/9/2025,Phí QL Vins,Điện nước,2694000
6/3/2026,1/3/2026,Phí QL T3/2026,Điện nước,2676000
7/9/2024,1/9/2024,Tiền học Họa Mi + múa,Chi phí Suna,2620000
31/8/2024,1/8/2024,đặt phòng khách sạn,Phát sinh,2600000
5/11/2023,1/11/2023,Sửa xe + làm tôn,Phát sinh,2500000
7/1/2024,1/1/2024,tiền làm đường,Phát sinh,2500000
24/8/2025,1/8/2025,Cọc resort,Phát sinh,2500000
5/7/2025,1/7/2025,Phí quản lý Vins T6,Điện nước,2466000
1/10/2024,1/10/2024,Tiền học Suna + múa,Chi phí Suna,2400000
1/11/2024,1/11/2024,Tiền học tháng 11 Họa mi,Chi phí Suna,2400000
4/1/2025,1/1/2025,Tiền học Suna,Chi phí Suna,2400000
9/4/2025,1/4/2025,Tiền học Họa Mi ,Chi phí Suna,2400000
21/6/2024,1/6/2024,Tiệc sn Suna,Phát sinh,2365000
1/7/2024,1/7/2024,Tiền học Suna,Chi phí Suna,2300000
2/8/2024,1/8/2024,Tiền học Suna,Chi phí Suna,2300000
1/12/2024,1/12/2024,Tiền học Suna,Chi phí Suna,2300000
3/3/2025,1/3/2025,Học phí tháng 3 Suna,Chi phí Suna,2260000
15/3/2025,1/3/2025,Phí ghi danh Vin,Phát sinh,2250000
6/7/2025,1/7/2025,Đồ Uniqlo,Phát sinh,2247000
5/5/2025,1/5/2025,Tiền học Họa mi,Chi phí Suna,2225000
2/2/2025,1/2/2025,Tiền học Suna,Chi phí Suna,2050000
1/11/2023,1/11/2023,Ăn tháng ngoại,Ăn uống,2000000
2/12/2023,1/12/2023,Tiền học Na,Chi phí Suna,2000000
2/12/2023,1/12/2023,Tiền chợ ngoại,Ăn uống,2000000
1/1/2024,1/1/2024,Tiền học Na,Chi phí Suna,2000000
1/1/2024,1/1/2024,Tiền chợ ngoại,Ăn uống,2000000
1/3/2024,1/3/2024,Tiền học Na,Chi phí Suna,2000000
1/3/2024,1/3/2024,Tiền cơm ngoại,Ăn uống,2000000
1/4/2024,1/4/2024,Tiền học tháng 4 Na,Chi phí Suna,2000000
1/4/2024,1/4/2024,Tiền cơm tháng 4 ngoại,Ăn uống,2000000
9/4/2024,1/4/2024,Vé xe + giấy tờ công chứng,Phát sinh,2000000
1/5/2024,1/5/2024,Tiền cơm tháng 5 ngoại,Ăn uống,2000000
1/6/2024,1/6/2024,Tiền ăn bà ngoại,Ăn uống,2000000
1/7/2024,1/7/2024,Tiền cơm ngoại,Ăn uống,2000000
3/8/2024,1/8/2024,Tiền tháng ngoại,Ăn uống,2000000
1/10/2024,1/10/2024,ngoại nấu ăn,Phát sinh,2000000
1/10/2024,1/10/2024,Tiền tháng mẹ,Phát sinh,2000000
1/11/2024,1/11/2024,Ngoại nấu ăn,Phát sinh,2000000
1/11/2024,1/11/2024,Tiền tiêu tháng mẹ,Phát sinh,2000000
1/12/2024,1/12/2024,Tiền ăn gửi ngoại,Phát sinh,2000000
23/1/2025,1/1/2025,Sơn tường,Phát sinh,2000000
3/3/2025,1/3/2025,Tiền cơm tháng 3 ngoại,Ăn uống,2000000
7/4/2025,1/4/2025,Tiền ăn tháng 4 ngoại,Ăn uống,2000000
3/5/2025,1/5/2025,Tiền ăn tháng 5 ngoại,Ăn uống,2000000
1/2/2026,1/2/2026,Tiền tháng mẹ,Phát sinh,2000000
4/3/2026,1/3/2026,Tiền tháng mẹ T3,Phát sinh,2000000
1/2/2024,1/2/2024,Ba mua thang,Phát sinh,1900000
19/11/2024,1/11/2024,Vé máy bay,Phát sinh,1894000
1/10/2023,1/10/2023,Tiền học Na,Chi phí Suna,1850000
1/11/2023,1/11/2023,Tiền học Na,Chi phí Suna,1850000
15/12/2025,1/12/2025,Bảo dưỡng xe,Phát sinh,1840000
27/3/2025,1/3/2025,Chích VNVC,Phát sinh,1685000
5/12/2025,1/12/2025,Phí QL tháng 12 (2),Điện nước,1666000
6/1/2026,1/1/2026,Phí QL Vin tháng 1,Điện nước,1631000
1/5/2024,1/5/2024,Tiền học Suna,Chi phí Suna,1600000
6/11/2024,1/11/2024,Phí quản lý BE50601,Phát sinh,1558700
13/1/2024,1/1/2024,Organic greens 3 hộp,Phát sinh,1540000
5/8/2024,1/8/2024,Học tiếng Anh Suna,Chi phí Suna,1517000
7/10/2024,1/10/2024,Học tiếng Anh Suna,Chi phí Suna,1517000
11/11/2024,1/11/2024,Học tiếng Anh,Chi phí Suna,1517000
5/12/2024,1/12/2024,Học tiếng Anh Suna,Chi phí Suna,1517000
3/3/2025,1/3/2025,Học phí tiếng Anh,Chi phí Suna,1517000
1/10/2023,1/10/2023,Tiền ăn ngoại,Ăn uống,1500000
3/2/2024,1/2/2024,Tiển học Na tháng 2,Chi phí Suna,1500000
18/11/2024,1/11/2024,20/11 các cô Họa mi,Phát sinh,1500000
4/1/2025,1/1/2025,Tiền tháng ngoại,Ăn uống,1500000
8/2/2025,1/2/2025,Tiền ăn tháng 2 của ngoại,Ăn uống,1500000
4/2/2026,1/2/2026,Phí thẩm định giá đất,Phát sinh,1500000
27/7/2024,1/7/2024,Siu thị Coop + sữa TH ,Phát sinh,1479000
2/3/2024,1/3/2024,Ăn tiệc sn ba,Phát sinh,1469000
6/10/2024,1/10/2024,Siu thi Coop,Phát sinh,1450000
12/8/2024,1/8/2024,"Mua đồ ra quê, quà",Phát sinh,1403000
4/9/2024,1/9/2024,Học phí anh văn,Chi phí Suna,1400004
15/2/2025,1/2/2025,Tiền học av tháng 2,Chi phí Suna,1400000
30/12/2024,1/12/2024,Ghế bàn ăn cơm,Phát sinh,1396000
2/11/2025,1/11/2025,Tiền điện tháng 10,Điện nước,1369000
21/12/2024,1/12/2024,siu thị Coop,Ăn uống,1329000
6/1/2025,1/1/2025,Nhà SG Vinhome,Điện nước,1329000
17/11/2024,1/11/2024,Siu thị Coopmart - Sữa TH Suna,Ăn uống,1311000
1/8/2025,1/8/2025,Tiền điện Vinhomes,Điện nước,1300000
9/4/2025,1/4/2025,Học tiếng Anh tháng 4,Chi phí Suna,1284000
18/2/2025,1/2/2025,Mua đồ bếp + ăn uống Vinhome,Ăn uống,1269000
16/4/2025,1/4/2025,Sữa TH,Chi phí Suna,1266000
21/5/2024,1/5/2024,Ăn sinh nhật Mẹ,Phát sinh,1259000
5/6/2025,1/6/2025,Chi phí DV Vinhome T6,Điện nước,1255000
24/9/2025,1/9/2025,Phí thẩm định,Phát sinh,1252000
1/6/2024,1/6/2024,Tiền điện tháng 5,Điện nước,1250000
21/3/2025,1/3/2025,Cọc chụp hình,Phát sinh,1250000
13/1/2026,1/1/2026,Học đàn Piano,Chi phí Suna,1250000
6/1/2024,1/1/2024,Máy làm sữa,Phát sinh,1248000
31/8/2024,1/8/2024,Siu thị,Ăn uống,1244000
13/12/2025,1/12/2025,Khách sạn Vũng Tàu,Phát sinh,1230000
20/12/2023,1/12/2023,Organic Greens thanh toán đủ,Phát sinh,1220000
5/3/2025,1/3/2025,Tiền nhà Vinhome tháng 3,Điện nước,1216000
13/12/2025,1/12/2025,Khách sạn Vũng Tàu,Phát sinh,1215000
5/2/2024,1/2/2024,Tóc,Phát sinh,1210000
3/2/2024,1/2/2024,Tiền ăn tháng bà ngoại,Ăn uống,1200000
24/1/2025,1/1/2025,Đồ tết Mẹ,Phát sinh,1195000
13/2/2025,1/2/2025,Mua sữa TH Suna,Ăn uống,1191000
9/1/2024,1/1/2024,Máy tập thể dục,Phát sinh,1169000
10/7/2024,1/7/2024,Học phí tiếng Anh Suna,Chi phí Suna,1167000
8/1/2025,1/1/2025,Tiền học tiếng anh Suna,Chi phí Suna,1167000
7/5/2025,1/5/2025,Học phí av tháng 5,Chi phí Suna,1167000
23/3/2025,1/3/2025,Ăn chia tay,Ăn uống,1166000
20/1/2024,1/1/2024,Siu thị + mua bia biếu,Ăn uống,1162000
5/11/2023,1/11/2023,Thuốc bổ mắt mẹ + Na,Phát sinh,1156000
2/10/2025,1/10/2025,Điện tháng 9,Điện nước,1153000
18/1/2025,1/1/2025,Bia tết,Phát sinh,1143000
2/12/2023,1/12/2023,Coopmart,Ăn uống,1138000
31/8/2025,1/8/2025,Hải sản Hồng Phát,Phát sinh,1135000
1/7/2024,1/7/2024,Tiền điện tháng 6,Điện nước,1122000
1/7/2025,1/7/2025,Tiền điện Vins tháng 6,Điện nước,1114000
1/9/2024,1/9/2024,Ăn trưa resort,Phát sinh,1110000
1/9/2024,1/9/2024,Ăn hải sản,Phát sinh,1110000
7/5/2025,1/5/2025,Vins tháng 4,Điện nước,1103000
7/1/2024,1/1/2024,Trả ba tiền thuốc + lái xe,Phát sinh,1100000
30/4/2025,1/4/2025,Bảo dưỡng xe oto,Phát sinh,1100000
5/12/2025,1/12/2025,Phí QL tháng 12 (1),Điện nước,1098000
5/1/2026,1/1/2026,Phí QL Vin tháng 12,Điện nước,1098000
31/12/2024,1/12/2024,2 ghế bàn ăn cơm,Phát sinh,1077000
9/2/2025,1/2/2025,Tiền nhà Vinhome tháng 1,Điện nước,1077000
7/9/2025,1/9/2025,Ăn tối quán Ngõ,Ăn uống,1065000
5/4/2025,1/4/2025,Điện nước tháng 3 Vinhomes,Điện nước,1062000
5/2/2025,1/2/2025,Vé máy bay của ba,Phát sinh,1054000
4/8/2024,1/8/2024,Ăn rửa xe,Ăn uống,1051000
1/11/2023,1/11/2023,Thanh toán điện,Điện nước,1034000
1/8/2024,1/8/2024,Trả mẹ tiền mua đt ông ngoại,Phát sinh,1028000
1/9/2025,1/9/2025,Tiền điện,Điện nước,1023000
1/10/2023,1/10/2023,Tiền điện + nước,Điện nước,1000000
28/11/2023,1/11/2023,Mừng cưới ,Phát sinh,1000000
6/1/2024,1/1/2024,Cưới bác P,Phát sinh,1000000
1/2/2024,1/2/2024,Lixi cô của Suna,Chi phí Suna,1000000
3/3/2024,1/3/2024,08/03 của mẹ,Phát sinh,1000000
7/3/2024,1/3/2024,8/3 bà nội + ngoại,Phát sinh,1000000
1/7/2024,1/7/2024,Mẹ làm răng,Phát sinh,1000000
2/10/2024,1/10/2024,Thuê căn Studio,Phát sinh,1000000
8/12/2024,1/12/2024,Đám cưới a Hùng,Phát sinh,1000000
27/6/2025,1/6/2025,Tiền tháng gửi ngoại,Phát sinh,1000000
19/10/2025,1/10/2025,"Mừng 20.10 mẹ ngoại, nội",Phát sinh,1000000
7/2/2026,1/2/2026,Nạp tiền qua trạm ,Phát sinh,1000000
2/4/2025,1/4/2025,Quà SN Suna & Quân,Phát sinh,993000
3/2/2026,1/2/2026,Tiền điện T1 / 2026,Điện nước,982000
1/5/2024,1/5/2024,Tiền điện tháng 4,Điện nước,970812
14/12/2025,1/12/2025,Ăn tối HSan thành phát,Ăn uống,970000
7/3/2026,1/3/2026,Siu thị Coopmart,Ăn uống,969600
11/11/2023,1/11/2023,Chích ngừa cúm,Phát sinh,968000
23/2/2025,1/2/2025,Pizza 4P,Ăn uống,966000
6/1/2026,1/1/2026,KS Nha Trang,Phát sinh,950000
8/1/2026,1/1/2026,Cọc KS Nha Trang (về),Phát sinh,950000
19/8/2025,1/8/2025,Đồ mẹ Shushi,Phát sinh,940000
6/2/2024,1/2/2024,Siu thị,Ăn uống,930000
21/9/2024,1/9/2024,Làm tóc,Phát sinh,920000
20/10/2024,1/10/2024,Ăn trưa Thiso mall,Ăn uống,918000
8/3/2026,1/3/2026,Khám bệnh Suna,Chi phí Suna,918000
21/9/2025,1/9/2025,Mua quạt cây,Phát sinh,911000
30/6/2024,1/6/2024,Siu thị GO,Ăn uống,909118
20/2/2025,1/2/2025,Đế máy giặt,Phát sinh,900000
31/12/2024,1/12/2024,Ăn tối quán Thái,Ăn uống,899000
21/9/2024,1/9/2024,Bảo dưỡng xe,Phát sinh,897000
15/6/2025,1/6/2025,Siu thị King Food,Ăn uống,885000
1/9/2024,1/9/2024,Tiền điện tháng 8,Điện nước,879000
27/6/2025,1/6/2025,Siu thị Coop,Ăn uống,878000
19/10/2024,1/10/2024,Ăn pizza 4ps trưa,Ăn uống,866000
8/9/2024,1/9/2024,Siu thị GO,Ăn uống,863000
30/8/2025,1/8/2025,Ăn trưa Coco sea,Phát sinh,860000
28/1/2024,1/1/2024,Siu thị GO,Ăn uống,852000
2/2/2024,1/2/2024,Giỏ quà + bia,Phát sinh,847000
24/8/2025,1/8/2025,Ăn tối Thai Chilli,Ăn uống,840000
26/9/2024,1/9/2024,Trả thẻ đi Siu thi,Phát sinh,825000
11/3/2025,1/3/2025,Tiền nước tháng 3,Điện nước,823000
20/7/2025,1/7/2025,Ăn tối Sành,Ăn uống,804000
27/7/2025,1/7/2025,Siu thị Coop,Ăn uống,801000
4/6/2024,1/6/2024,Mua đồ xe oto,Phát sinh,800000
2/8/2024,1/8/2024,Tiền điện,Điện nước,796230
4/11/2023,1/11/2023,SN nội,Phát sinh,792000
1/4/2024,1/4/2024,Tiền điện,Điện nước,790000
14/4/2025,1/4/2025,Trà gạo lức,Ăn uống,780000
11/1/2025,1/1/2025,Mua trà gạo lức biếu nội,Phát sinh,764000
2/2/2025,1/2/2025,Ăn mùng 1,Phát sinh,760000
2/9/2024,1/9/2024,Ăn trưa resort,Phát sinh,755000
5/2/2024,1/2/2024,Giặt rèm,Phát sinh,750000
24/1/2025,1/1/2025,Làm tóc,Phát sinh,750000
14/4/2025,1/4/2025,Phạt hành chính nhập hộ Suna,Phát sinh,750000
6/1/2026,1/1/2026,KS Quy Nhơn (đi),Phát sinh,750000
3/2/2026,1/2/2026,Học Piano T2/2026,Chi phí Suna,750000
1/6/2025,1/6/2025,"Mua kệ vs, hộp đựng đồ",Phát sinh,746000
17/5/2024,1/5/2024,Sữa TH Na,Chi phí Suna,745000
30/5/2024,1/5/2024,Sữa TH 2 thùng,Chi phí Suna,745000
11/5/2025,1/5/2025,Quà sinh nhật Như Chi,Phát sinh,737000
2/5/2025,1/5/2025,Tiền điện Ymoan tháng 4,Điện nước,734000
24/8/2025,1/8/2025,Siu thị coopmart,Ăn uống,730000
1/5/2024,1/5/2024,Ăn mừng lễ 1.5,Ăn uống,728028
30/9/2024,1/9/2024,Tiền điện tháng 9,Điện nước,727000
20/12/2023,1/12/2023,Áo dài tết,Phát sinh,723000
7/4/2024,1/4/2024,Siêu thị,Ăn uống,720000
31/8/2024,1/8/2024,Xe đạp,Chi phí Suna,717000
22/12/2023,1/12/2023,Siu thị,Ăn uống,714000
17/11/2024,1/11/2024,Chích vacxin cúm 2 mẹ con,Phát sinh,712000
1/2/2024,1/2/2024,D2k3 + nước giặt,Phát sinh,710000
16/10/2023,1/10/2023,Siu thị GO,Ăn uống,700000
6/1/2025,1/1/2025,Lạp xưởng tết,Ăn uống,700000
14/4/2025,1/4/2025,Phí dịch vụ thường trú,Phát sinh,700000
21/2/2025,1/2/2025,Siu thị Coopx,Ăn uống,693000
1/3/2024,1/3/2024,Tiền điện thag 2,Điện nước,692000
18/10/2025,1/10/2025,Siu thị,Ăn uống,685000
30/8/2025,1/8/2025,Ăn tối HỒ TÔM QUÁN,Phát sinh,680000
26/10/2025,1/10/2025,Siu thị Coopmart,Phát sinh,676000
12/7/2024,1/7/2024,Giày dép Ba Mẹ,Phát sinh,675000
11/8/2024,1/8/2024,Bỉm Na,Chi phí Suna,675000
20/9/2025,1/9/2025,Coopmart,Ăn uống,672000
16/6/2024,1/6/2024,Siu thị GO,Ăn uống,667400
22/10/2024,1/10/2024,Ăn trưa chili thái,Ăn uống,660000
30/12/2024,1/12/2024,Món thái,Ăn uống,657000
1/12/2023,1/12/2023,Đóng tiền điện,Điện nước,655000
2/2/2026,1/2/2026,Tiền điện T12 / 2025,Điện nước,653000
20/7/2025,1/7/2025,Mua quà cho bánh bao,Phát sinh,649000
22/4/2024,1/4/2024,Siu thị GO,Ăn uống,648000
29/6/2024,1/6/2024,Ăn trưa gà nướng Kiều thy,Ăn uống,640000
10/3/2025,1/3/2025,Tiến Oanh (SG - BMT),Phát sinh,640000
19/4/2025,1/4/2025,Vitamin ginko cho ba,Phát sinh,640000
22/4/2025,1/4/2025,Vé xe TO (2 chiều),Phát sinh,640000
22/12/2025,1/12/2025,Siu thị Coopmart,Ăn uống,639000
7/2/2024,1/2/2024,Cây đào,Phát sinh,630000
20/11/2024,1/11/2024,Ăn trưa Chilli Thái,Ăn uống,630000
11/1/2024,1/1/2024,Siu thị coopmart,Ăn uống,627000
26/10/2025,1/10/2025,Ăn tối ngoài (quán thái),Ăn uống,626400
14/5/2024,1/5/2024,Lẩu Việt - kỷ niệm 5 năm,Phát sinh,618000
28/12/2024,1/12/2024,Mộc Riêu nướng,Ăn uống,618000
21/2/2025,1/2/2025,Ăn tối sushi,Ăn uống,618000
1/11/2025,1/11/2025,Coopmart,Ăn uống,617800
22/12/2024,1/12/2024,Siu thị GO,Ăn uống,614000
5/7/2025,1/7/2025,Ăn tối Cresent mall,Ăn uống,611000
27/8/2025,1/8/2025,Shopee (đệm + kê chân),Phát sinh,611000
10/6/2024,1/6/2024,Bàn ủi hơi nước,Phát sinh,610000
24/2/2026,1/2/2026,Siu thị Coopmart,Ăn uống,607000
1/1/2024,1/1/2024,Đóng tiền điện,Điện nước,603000
16/2/2024,1/2/2024,Mua xe moto cho Na,Chi phí Suna,600000
7/3/2025,1/3/2025,Mừng 8.3 cô giáo của Q,Phát sinh,600000
1/6/2025,1/6/2025,Đám cưới Nhi,Phát sinh,600000
7/6/2025,1/6/2025,Thuốc Suna,Chi phí Suna,600000
22/11/2025,1/11/2025,Lấy cao răng,Phát sinh,600000
1/2/2026,1/2/2026,Ăn tối,Ăn uống,599000
29/12/2024,1/12/2024,Ruột gối Nitori,Ăn uống,597000
30/5/2025,1/5/2025,Pizza 4Ps,Ăn uống,596000
23/8/2024,1/8/2024,Khách sạn,Phát sinh,590000
22/6/2025,1/6/2025,Ăn tối,Ăn uống,587000
1/2/2024,1/2/2024,Lạp xưởng bếp Smith,Ăn uống,585000
30/6/2024,1/6/2024,2 thùng sữa TH Na,Chi phí Suna,585000
3/11/2024,1/11/2024,Điện SG,Điện nước,583000
13/3/2025,1/3/2025,Ăn tối vs ck iu,Ăn uống,583000
7/10/2023,1/10/2023,Kiều Thy quán,Ăn uống,578000
6/12/2023,1/12/2023,old navy đợt 1,Phát sinh,577000
16/9/2024,1/9/2024,Đồ dùng shopee,Phát sinh,576000
2/4/2025,1/4/2025,Siu thị Coop SG,Ăn uống,575000
29/7/2024,1/7/2024,Khám tai bv Y Dược,Phát sinh,572000
16/11/2025,1/11/2025,Ăn tối sushi cô Bông,Ăn uống,569000
3/1/2026,1/1/2026,Siu thị Coopmart,Ăn uống,568000
14/6/2025,1/6/2025,Mền gối Suna,Chi phí Suna,566000
18/4/2024,1/4/2024,Ăn trưa giỗ tổ,Ăn uống,563000
1/9/2024,1/9/2024,Đổ xăng đi du lịch,Phát sinh,560000
7/1/2025,1/1/2025,Vé xe Tiến Oanh,Phát sinh,560000
27/6/2025,1/6/2025,Ăn tối quán Hàn,Phát sinh,560000
6/7/2025,1/7/2025,Ăn tối quán Hàn,Ăn uống,560000
2/8/2025,1/8/2025,Ăn tối,Ăn uống,560000
19/10/2025,1/10/2025,Ăn tối ngoài (Quán Hàn),Ăn uống,560000
20/1/2026,1/1/2026,Sách học đàn,Chi phí Suna,560000
22/11/2025,1/11/2025,Siu thị Coopmart,Ăn uống,555700
18/11/2023,1/11/2023,Ăn trưa,Ăn uống,555000
22/11/2025,1/11/2025,Mua đồ cứu trợ,Phát sinh,555000
9/11/2023,1/11/2023,Áo khoác Na,Chi phí Suna,553000
17/12/2023,1/12/2023,Omega ng lớn 2 + khẩu ttang y tế,Phát sinh,552000
8/12/2023,1/12/2023,Mua đồ tết Mẹ,Phát sinh,550000
23/6/2024,1/6/2024,Siu thị GO,Ăn uống,550000
28/1/2025,1/1/2025,Hoa đào,Phát sinh,550000
20/4/2025,1/4/2025,Men tiêu hóa Suna,Phát sinh,550000
20/8/2025,1/8/2025,Mua táo cho nội,Phát sinh,549000
3/2/2026,1/2/2026,Quà Tết cho cháu,Phát sinh,545000
7/7/2025,1/7/2025,nhà thuốc Long Châu,Phát sinh,535000
1/2/2024,1/2/2024,Tiền điện,Điện nước,533000
28/1/2024,1/1/2024,Kichi ,Ăn uống,530000
7/2/2024,1/2/2024,Mat kinh,Phát sinh,530000
2/11/2025,1/11/2025,Ăn tối (sushi),Ăn uống,530000
2/4/2025,1/4/2025,Hóa đơn điện BMT,Điện nước,528000
2/12/2024,1/12/2024,Giày Crocs của Suna,Phát sinh,524000
10/12/2023,1/12/2023,Omega ng lớn,Phát sinh,518000
31/12/2023,1/12/2023,Ăn tối,Ăn uống,515000
26/3/2025,1/3/2025,Pizza ăn tối,Ăn uống,515000
21/7/2025,1/7/2025,Quà Mykingdom,Phát sinh,514000
18/2/2024,1/2/2024,Bỉm Na,Chi phí Suna,510000
13/4/2024,1/4/2024,Sữa meiji,Chi phí Suna,510000
11/6/2024,1/6/2024,Bàn chải điện đánh răng,Phát sinh,510000
8/11/2025,1/11/2025,Ăn tối ngoài ,Ăn uống,507000
28/3/2025,1/3/2025,Coopmart,Ăn uống,501000
18/1/2024,1/1/2024,Ăn cưới Bạn Mẹ,Phát sinh,500000
21/1/2024,1/1/2024,Ăn cưới bạn Ba,Phát sinh,500000
24/1/2024,1/1/2024,Mừng sn Bơ c Nhi,Phát sinh,500000
7/3/2024,1/3/2024,8/3 cô Suna,Chi phí Suna,500000
4/4/2024,1/4/2024,Khám bệnh Na,Chi phí Suna,500000
27/4/2024,1/4/2024,Đám cưới Hiền C3,Phát sinh,500000
5/6/2024,1/6/2024,Đặt cọc chụp hình Suna,Phát sinh,500000
8/6/2024,1/6/2024,Chụp hình Suna,Chi phí Suna,500000
1/7/2024,1/7/2024,Xăng xe oto,Phát sinh,500000
1/7/2024,1/7/2024,Sinh nhật ông nội,Phát sinh,500000
11/7/2024,1/7/2024,Táo đỏ ,Ăn uống,500000
21/7/2024,1/7/2024,Sinh nhật MK,Phát sinh,500000
3/8/2024,1/8/2024,Tiền xăng ngoại,Ăn uống,500000
4/8/2024,1/8/2024,Đổ xăng xe oto,Phát sinh,500000
17/8/2024,1/8/2024,Sinh nhật bà ngoại,Phát sinh,500000
26/8/2024,1/8/2024,Đổ xăng,Phát sinh,500000
28/9/2024,1/9/2024,Đổ xăng,Ăn uống,500000
20/10/2024,1/10/2024,20/10 bà nội,Phát sinh,500000
7/11/2024,1/11/2024,Sinh nhật bà nội,Phát sinh,500000
11/1/2025,1/1/2025,Bảo dưỡng xe,Phát sinh,500000
11/1/2025,1/1/2025,Ủng hộ ng nghèo,Phát sinh,500000
2/2/2025,1/2/2025,Đổ xăng,Phát sinh,500000
7/3/2025,1/3/2025,8.3 bà nội,Phát sinh,500000
15/4/2025,1/4/2025,Đổ xăng,Phát sinh,500000
27/5/2025,1/5/2025,Cắt tóc mẹ,Phát sinh,500000
7/6/2025,1/6/2025,Đổ xăng,Phát sinh,500000
5/7/2025,1/7/2025,Xăng oto,Phát sinh,500000
26/7/2025,1/7/2025,Quà sn Mai Khanh,Phát sinh,500000
1/9/2025,1/9/2025,Phí qua trạm,Phát sinh,500000
1/9/2025,1/9/2025,Đổ xăng,Phát sinh,500000
7/11/2025,1/11/2025,Sinh nhật Ryby,Phát sinh,500000
9/11/2025,1/11/2025,Thịt nướng Q7,Ăn uống,500000
14/12/2025,1/12/2025,Đổ xăng,Phát sinh,500000
28/12/2025,1/12/2025,Ăn tối,Ăn uống,500000
6/1/2026,1/1/2026,Cọc KS Đà Nẵng (đi),Phát sinh,500000
17/1/2026,1/1/2026,Áo dài tết Mẹ + Suna,Phát sinh,500000
24/1/2026,1/1/2026,Cọc thẩm định đất,Phát sinh,500000
25/1/2026,1/1/2026,Đổ xăng,Phát sinh,500000
25/1/2026,1/1/2026,Ăn trưa,Ăn uống,500000
12/3/2025,1/3/2025,Phí hủy thẻ visa VIB,Phát sinh,499000
3/3/2026,1/3/2026,Học Piano ,Chi phí Suna,499000
9/12/2024,1/12/2024,Bỉm tặng,Phát sinh,497000
28/9/2025,1/9/2025,Áo gia đình,Phát sinh,494000
21/11/2024,1/11/2024,Pizza 4Ps,Ăn uống,491000
7/11/2024,1/11/2024,Ăn quán hàn,Ăn uống,490000
5/2/2025,1/2/2025,Vé xe TO Ba,Phát sinh,490000
30/12/2024,1/12/2024,Siu thị coop,Ăn uống,489200
16/3/2024,1/3/2024,Ăn trưa tây bắc,Ăn uống,488000
4/10/2025,1/10/2025,Ăn tối,Ăn uống,487000
14/9/2025,1/9/2025,Thịt nướng ăn tối,Ăn uống,486000
9/2/2024,1/2/2024,Siu thị GO,Ăn uống,485000
6/12/2024,1/12/2024,Tiền điện chung cư ba thuê,Điện nước,484000
8/10/2023,1/10/2023,quà ngoại,Phát sinh,480000
3/3/2024,1/3/2024,Siêu thị GO,Ăn uống,480000
9/6/2024,1/6/2024,Khu vui chơi Kidszoona,Phát sinh,480000
23/6/2024,1/6/2024,Vé khu vui chơi,Ăn uống,480000
1/6/2025,1/6/2025,Siu thị Coop,Ăn uống,479000
29/1/2026,1/1/2026,Kem chống nắng nội,Phát sinh,477000
24/12/2023,1/12/2023,Lẩu ,Ăn uống,476000
22/10/2025,1/10/2025,Omega 3 Long Châu,Phát sinh,473000
11/12/2023,1/12/2023,Đô QC Suna,Chi phí Suna,472000
12/11/2023,1/11/2023,pizza,Ăn uống,470000
4/1/2025,1/1/2025,Dầu cá Suna,Chi phí Suna,470000
16/2/2025,1/2/2025,Sinh nhật ông ngoại,Phát sinh,470000
3/4/2025,1/4/2025,Ăn tối Bếp dì Huệ,Ăn uống,470000
21/5/2025,1/5/2025,Ăn sinh nhật mẹ,Ăn uống,469000
26/1/2025,1/1/2025,Siu thị GO,Ăn uống,467000
29/10/2023,1/10/2023,khám bệnh Ba,Phát sinh,464818
13/7/2025,1/7/2025,Siu thị King,Ăn uống,463000
11/3/2024,1/3/2024,Siu thị GO,Ăn uống,462000
10/12/2023,1/12/2023,Ăn tối Oven,Ăn uống,460000
11/1/2025,1/1/2025,Cf + khô bò biếu,Phát sinh,460000
16/12/2025,1/12/2025,Hủ tiếu + chả cá,Ăn uống,460000
24/12/2024,1/12/2024,Táo đỏ,Ăn uống,456000
17/5/2025,1/5/2025,Khám mũi Suna,Chi phí Suna,455000
4/8/2025,1/8/2025,Đồ múa Suna (shopee),Chi phí Suna,455000
3/2/2026,1/2/2026,DHA,Chi phí Suna,455000
20/6/2025,1/6/2025,Đồ bơi ba,Phát sinh,451000
20/10/2023,1/10/2023,Ăn 20/10,Phát sinh,450000
2/1/2024,1/1/2024,Vệ sinh máy giặt,Phát sinh,450000
21/10/2024,1/10/2024,Ăn tối Ngõ,Ăn uống,450000
19/11/2024,1/11/2024,Vé Tiến Oanh,Phát sinh,450000
19/1/2025,1/1/2025,Bạt trùm xe,Phát sinh,450000
13/1/2026,1/1/2026,Áo VinRun,Phát sinh,450000
13/1/2024,1/1/2024,Siu thị GO,Ăn uống,449000
3/2/2024,1/2/2024,Ăn tối Hàn quốc,Ăn uống,445000
21/2/2025,1/2/2025,Rong biển sấy giòn,Phát sinh,445000
20/1/2026,1/1/2026,Lạp xưởng + bánh pía,Ăn uống,444000
9/3/2026,1/3/2026,Băng cá nhân shopee,Phát sinh,444000
16/4/2025,1/4/2025,Đi siêu thị,Ăn uống,443000
8/12/2023,1/12/2023,old nany đợt 2,Phát sinh,442000
21/9/2025,1/9/2025,"Ăn tối (thịt nướng, mì lạnh)",Ăn uống,442000
16/12/2023,1/12/2023,Kichi,Ăn uống,440000
21/6/2025,1/6/2025,Vú heo ướp,Chi phí Suna,440000
12/10/2025,1/10/2025,Khám bệnh Suna,Chi phí Suna,439000
30/5/2024,1/5/2024,Siu thị Coopmart,Ăn uống,437000
10/9/2025,1/9/2025,"Shopee (serum , kem cn )",Phát sinh,432000
1/10/2023,1/10/2023,Trả mẹ tiền sữa meiji,Chi phí Suna,430000
4/10/2023,1/10/2023,Khám bệnh Na,Chi phí Suna,430000
21/1/2024,1/1/2024,Ăn tối,Ăn uống,430000
2/9/2025,1/9/2025,Ăn tối,Ăn uống,430000
7/7/2024,1/7/2024,Gà rán,Ăn uống,428000
4/1/2024,1/1/2024,Long Châu (omega),Phát sinh,424000
26/2/2026,1/2/2026,Chày giã + yến mạch,Phát sinh,424000
8/10/2023,1/10/2023,Sữa Meiji ,Chi phí Suna,420000
9/3/2024,1/3/2024,Món thái,Ăn uống,420000
29/9/2024,1/9/2024,Ăn tối kichi,Ăn uống,420000
20/9/2025,1/9/2025,Nhờ ngoại mua đồ gửi sg,Phát sinh,420000
19/5/2024,1/5/2024,Ăn tối kichi,Ăn uống,419000
21/6/2025,1/6/2025,Đồ Suna,Chi phí Suna,418000
4/11/2023,1/11/2023,Sữa Meiji,Chi phí Suna,415000
19/11/2023,1/11/2023,Sữa meiji,Chi phí Suna,415000
3/12/2023,1/12/2023,Sữa meiji ,Chi phí Suna,415000
13/5/2025,1/5/2025,"Bánh, kẹo chia tay lớp Suna",Phát sinh,415000
17/1/2026,1/1/2026,Ăn tối Don chicken,Ăn uống,414000
24/2/2024,1/2/2024,Ăb tối bảb Noong,Ăn uống,411000
1/10/2023,1/10/2023,Ăn tối Hàn quốc,Ăn uống,410000
22/12/2023,1/12/2023,Sữa Meiji,Chi phí Suna,410000
13/1/2024,1/1/2024,Sữa meiji,Chi phí Suna,410000
27/1/2024,1/1/2024,Máy vệ sinh,Phát sinh,410000
6/2/2024,1/2/2024,Sữa meiji,Chi phí Suna,410000
25/10/2025,1/10/2025,Ăn tối ngoài (mì tương đen),Ăn uống,410000
5/12/2025,1/12/2025,Siu thi Coopmart,Ăn uống,408000
2/3/2026,1/3/2026,Tiền điện T2/2026,Điện nước,408000
14/2/2024,1/2/2024,Pizza,Ăn uống,407000
24/6/2025,1/6/2025,Siu thị King Food,Ăn uống,406775
16/10/2023,1/10/2023,Ăn tối,Ăn uống,406000
27/10/2023,1/10/2023,Sushi ,Ăn uống,403000
8/11/2025,1/11/2025,Siu thị Coopmart,Ăn uống,402000
17/5/2025,1/5/2025,Esim ba,Phát sinh,401000
18/1/2026,1/1/2026,Ăn tối,Ăn uống,401000
3/12/2023,1/12/2023,Ăn tối thịt nướng,Ăn uống,400000
2/2/2024,1/2/2024,lấy cao răng,Phát sinh,400000
2/3/2024,1/3/2024,Sữa Meiji,Chi phí Suna,400000
16/3/2024,1/3/2024,Sữa meiji,Chi phí Suna,400000
24/4/2024,1/4/2024,Vệ sinh máy lạnh,Phát sinh,400000
22/12/2024,1/12/2024,Ăn tối Kichi,Ăn uống,400000
21/3/2025,1/3/2025,Lẳng hoa khai trương,Phát sinh,400000
6/1/2025,1/1/2025,Công vận chuyển đồ ,Phát sinh,400000
6/7/2025,1/7/2025,Siu thị King food,Ăn uống,400000
2/8/2025,1/8/2025,"Kingfood t2-3 (thực tế: 217k, bỏ heo: 183k)",Ăn uống,400000
10/8/2025,1/8/2025,"Siu thị Kingfood t2 & t3 (kingfood 200k, bỏ heo 200k)",Ăn uống,400000
13/6/2025,1/6/2025,Siu thị,Ăn uống,396000
24/1/2026,1/1/2026,Siêu thị Coopmart,Ăn uống,396000
6/3/2024,1/3/2024,"Dr Cương, trị cảm",Phát sinh,395000
1/5/2024,1/5/2024,Quán Hàn quốc,Ăn uống,395000
22/3/2025,1/3/2025,Khám sức khỏe 2 mẹ con,Phát sinh,395000
7/6/2025,1/6/2025,Váy Suna ,Chi phí Suna,395000
1/7/2025,1/7/2025,Siu thị King food,Ăn uống,395000
1/3/2026,1/3/2026,Đồ Suna + mẹ,Phát sinh,394400
1/12/2024,1/12/2024,Tiền điện nhà ob ngoại,Phát sinh,392000
22/7/2024,1/7/2024,Ăn tối vs ông bà,Ăn uống,389000
19/2/2025,1/2/2025,Mua đồ shopee,Phát sinh,389000
4/3/2025,1/3/2025,Omega 3 của Suna,Chi phí Suna,389000
1/5/2024,1/5/2024,Sữa TH Na,Chi phí Suna,388000
8/9/2024,1/9/2024,Khu vui chơi Kids,Phát sinh,386000
3/6/2025,1/6/2025,Siu thiu Coop,Ăn uống,386000
30/6/2024,1/6/2024,Đi siu thị Coopmart,Ăn uống,385000
24/8/2024,1/8/2024,mì xào hải san,Ăn uống,385000
24/1/2025,1/1/2025,Táo Hằng du mục,Ăn uống,385000
20/7/2025,1/7/2025,Siu thị King ,Ăn uống,385000
24/9/2025,1/9/2025,Bộ giáo trình sách Apollo,Chi phí Suna,385000
29/1/2026,1/1/2026,"Đồ Tết ba, serum mẹ",Phát sinh,385000
17/5/2024,1/5/2024,Siu thị Coopmart,Ăn uống,383000
23/1/2026,1/1/2026,Nấu ăn Kingfood,Ăn uống,381000
19/11/2023,1/11/2023,D3k2,Chi phí Suna,380000
18/1/2026,1/1/2026,Nấu ăn Kingfood,Ăn uống,379000
22/11/2023,1/11/2023,Dép cross Suna,Chi phí Suna,378000
9/6/2024,1/6/2024,Ăn tối bản Noong,Ăn uống,377000
15/12/2024,1/12/2024,Siu thị GO,Ăn uống,376000
27/6/2025,1/6/2025,Ngoại nấu ăn gửi xuống sg,Ăn uống,375000
5/5/2024,1/5/2024,Siu thị GO,Ăn uống,374471
24/9/2024,1/9/2024,Omega 3,Chi phí Suna,374000
30/6/2024,1/6/2024,Omega Na,Chi phí Suna,373000
29/9/2025,1/9/2025,Nấu ăn tối,Ăn uống,373000
31/1/2026,1/1/2026,Ăn tối hải sản,Ăn uống,373000
26/11/2023,1/11/2023,Pizza,Ăn uống,370000
20/2/2024,1/2/2024,Vịt quay,Ăn uống,370000
2/3/2025,1/3/2025,Sinh nhật ba,Ăn uống,370000
12/10/2025,1/10/2025,Ăn tối,Ăn uống,370000
3/5/2025,1/5/2025,Esim Sing ,Phát sinh,369000
28/9/2025,1/9/2025,Kingfood,Ăn uống,369000
18/1/2026,1/1/2026,Siu thị Coopmart,Ăn uống,369000
7/5/2024,1/5/2024,Bỉm Na,Chi phí Suna,368000
1/2/2024,1/2/2024,Omega Na,Chi phí Suna,365000
9/6/2024,1/6/2024,Siu thị GO,Ăn uống,365000
1/2/2025,1/2/2025,Tiền điện tháng 12,Điện nước,365000
10/8/2025,1/8/2025,Coopmart,Ăn uống,364000
25/12/2023,1/12/2023,Đồ Suna online,Chi phí Suna,361000
12/4/2025,1/4/2025,Kem đánh răng - tiktok,Phát sinh,360000
11/7/2025,1/7/2025,Coopmart,Ăn uống,358000
4/11/2023,1/11/2023,bánh sn,Phát sinh,355000
6/9/2025,1/9/2025,Kingfood,Ăn uống,355000
28/12/2023,1/12/2023,Sữa tắm Na,Chi phí Suna,354000
28/4/2024,1/4/2024,Siu thị GO,Ăn uống,354000
10/10/2024,1/10/2024,Mua valy,Phát sinh,354000
3/3/2024,1/3/2024,Sữa TH,Chi phí Suna,350000
13/6/2024,1/6/2024,In ảnh ép gỗ Suna,Phát sinh,350000
10/7/2024,1/7/2024,Bỉm,Chi phí Suna,350000
24/12/2024,1/12/2024,Gà nướng Kiều Thy,Ăn uống,350000
23/1/2025,1/1/2025,Bánh kẹo tết,Ăn uống,350000
30/4/2025,1/4/2025,Vé xe Tiến Oanh (ba),Phát sinh,350000
30/12/2025,1/12/2025,Cafe bột,Phát sinh,350000
31/1/2026,1/1/2026,Nấu ăn Kingfood,Ăn uống,350000
18/3/2025,1/3/2025,Bỉm,Chi phí Suna,348000
6/8/2025,1/8/2025,Siu thị Coop,Ăn uống,348000
8/11/2025,1/11/2025,Nấu ăn tối Kingfood,Ăn uống,347000
4/1/2025,1/1/2025,Bỉm,Chi phí Suna,346000
29/12/2025,1/12/2025,Nấu ăn Kingfood,Ăn uống,346000
8/10/2023,1/10/2023,Ăn chay,Ăn uống,345000
10/4/2024,1/4/2024,Shopee,Phát sinh,345000
13/9/2025,1/9/2025,Kingfood,Ăn uống,345000
7/9/2025,1/9/2025,Đồ cá nhân,Phát sinh,344000
17/2/2024,1/2/2024,Sữa TH,Chi phí Suna,343000
28/11/2025,1/11/2025,Nấu ăn Kingfood,Ăn uống,343000
27/9/2025,1/9/2025,Coopmart,Ăn uống,341000
22/12/2024,1/12/2024,May ga nệm,Phát sinh,340000
15/2/2025,1/2/2025,Ga giường,Phát sinh,340000
20/2/2025,1/2/2025,Siu thi Coopx,Ăn uống,340000
15/11/2025,1/11/2025,Nấu ăn Kingfood,Ăn uống,338480
21/12/2025,1/12/2025,Nấu ăn Kingfood,Ăn uống,338000
19/12/2025,1/12/2025,Lạp xưởng,Ăn uống,335000
9/6/2025,1/6/2025,Siu thị Emart,Ăn uống,333800
11/11/2024,1/11/2024,Bỉm Suna,Chi phí Suna,332000
5/10/2025,1/10/2025,Nấu ăn tối,Ăn uống,332000
5/2/2024,1/2/2024,Ăn tối,Ăn uống,331000
3/3/2025,1/3/2025,Tiền điện tháng 3 bmt,Điện nước,331000
21/1/2026,1/1/2026,Đồ Tết (mẹ),Phát sinh,331000
9/4/2024,1/4/2024,Vé máy bay,Phát sinh,330000
22/4/2024,1/4/2024,Ăn trưa Jiro,Ăn uống,330000
1/6/2025,1/6/2025,Bỉm Suna,Chi phí Suna,330000
5/10/2025,1/10/2025,Ăn tối,Ăn uống,330000
1/11/2025,1/11/2025,Nấu ăn tối ,Ăn uống,330000
6/9/2025,1/9/2025,Coopmart,Ăn uống,329000
30/11/2025,1/11/2025,Ăn tối Thái,Ăn uống,329000
17/6/2025,1/6/2025,Siu thị King Food,Ăn uống,327000
13/12/2025,1/12/2025,Nấu ăn Kingfood + gạo,Ăn uống,326000
1/10/2023,1/10/2023,Nước lau nhà robot,Phát sinh,325000
9/6/2025,1/6/2025,Ăn tối Ngõ,Ăn uống,325000
2/1/2026,1/1/2026,Ăn tối mì gia ký,Ăn uống,325000
21/9/2025,1/9/2025,"Ăn tối (mì tương đen, thịt heo)",Ăn uống,324000
1/2/2026,1/2/2026,Siu thị Coopmart,Ăn uống,322000
18/5/2024,1/5/2024,Ăn tối đồ Hàn,Ăn uống,320000
25/5/2024,1/5/2024,Ăn tối hàn quốc,Ăn uống,320000
20/7/2024,1/7/2024,Ăn tối món Hàn,Ăn uống,320000
18/8/2024,1/8/2024,Ăn món Hàn,Ăn uống,320000
31/8/2024,1/8/2024,Ăn tối quán Hàn,Ăn uống,320000
28/9/2024,1/9/2024,Ăn tối,Ăn uống,320000
3/11/2024,1/11/2024,Vé xe Tiến Oanh,Phát sinh,320000
2/12/2024,1/12/2024,Vé xe Tiến Oanh - ba,Phát sinh,320000
20/12/2024,1/12/2024,Vé xe TO,Phát sinh,320000
7/1/2025,1/1/2025,Vé xe Tiến Oanh,Phát sinh,320000
10/3/2025,1/3/2025,Vé xe Tiến Oanh,Phát sinh,320000
30/3/2025,1/3/2025,Vé xe Tiến Oanh - mẹ,Phát sinh,320000
21/5/2025,1/5/2025,Bánh kem SN,Ăn uống,320000
26/5/2025,1/5/2025,Vé xe TO mẹ,Phát sinh,320000
3/6/2025,1/6/2025,Vé xe TO ba,Phát sinh,320000
6/6/2025,1/6/2025,Vé xe TO mẹ,Phát sinh,320000
15/8/2025,1/8/2025,Vé xe Tiến Oanh ba,Phát sinh,320000
21/12/2025,1/12/2025,Sushi,Ăn uống,320000
11/9/2024,1/9/2024,Thuốc Dr Cương,Phát sinh,318000
19/10/2025,1/10/2025,Nấu ăn tối,Ăn uống,318000
4/2/2025,1/2/2025,Tiền điện Y moan,Điện nước,316000
22/1/2026,1/1/2026,Đồ Tết (mẹ),Phát sinh,316000
31/12/2025,1/12/2025,Ăn tối Lâm ký ,Ăn uống,315000
24/1/2025,1/1/2025,Gà nướng,Ăn uống,314000
17/10/2023,1/10/2023,Shopee phụ kiên Robot,Phát sinh,310000
20/2/2024,1/2/2024,Bánh kem ông ngoại,Phát sinh,310000
2/3/2024,1/3/2024,Bánh kem sn ba,Phát sinh,310000
29/7/2024,1/7/2024,Mua táo đỏ,Ăn uống,310000
17/8/2024,1/8/2024,Bánh kem sn,Phát sinh,310000
20/8/2025,1/8/2025,Đồ thể thao Suna,Chi phí Suna,310000
19/10/2024,1/10/2024,Hấp cách thủy,Ăn uống,309000
28/8/2025,1/8/2025,Shopee ,Phát sinh,309000
23/12/2023,1/12/2023,ăn tối,Ăn uống,308000
1/1/2024,1/1/2024,Sữa TH,Chi phí Suna,308000
17/2/2025,1/2/2025,Grab từ Sb về Q9,Phát sinh,307000
1/10/2023,1/10/2023,Sữa TH,Chi phí Suna,305000
10/12/2024,1/12/2024,Ăn tối Hàn quốc,Ăn uống,304000
8/1/2025,1/1/2025,Ăn tối,Ăn uống,304000
7/2/2025,1/2/2025,Món hàn,Ăn uống,304000
16/1/2026,1/1/2026,Hạt chia + dầu gội selsun,Phát sinh,304000
23/10/2023,1/10/2023,Đồ order Na,Chi phí Suna,303000
29/11/2024,1/11/2024,Máy sấy tóc,Phát sinh,303000
19/8/2025,1/8/2025,Grab từ sb về Vins,Phát sinh,301000
20/10/2023,1/10/2023,20/10 cô giáo của Na,Chi phí Suna,300000
20/1/2024,1/1/2024,Khô bò,Ăn uống,300000
28/1/2024,1/1/2024,Biếu sếp khô bò,Phát sinh,300000
4/4/2024,1/4/2024,Sữa TH,Chi phí Suna,300000
21/6/2024,1/6/2024,Bánh kem,Phát sinh,300000
3/8/2024,1/8/2024,Nộp tiền vào tk VIB,Phát sinh,300000
26/8/2024,1/8/2024,Quỹ lớp Suna.,Phát sinh,300000
10/5/2025,1/5/2025,Váy công chúa,Chi phí Suna,300000
21/6/2025,1/6/2025,Bánh sn,Chi phí Suna,300000
17/8/2025,1/8/2025,Hoa tặng sn ngoại,Phát sinh,300000
19/8/2025,1/8/2025,Quà shopee cho các cháu,Phát sinh,300000
26/8/2025,1/8/2025,Ghế camping,Phát sinh,300000
27/9/2025,1/9/2025,Đổ xăng oto,Phát sinh,300000
11/1/2026,1/1/2026,Cọc KS Quy Nhơn (về),Phát sinh,300000
29/7/2024,1/7/2024,Đồ chơi ,Chi phí Suna,299300
5/7/2025,1/7/2025,Táo + măng cụt,Ăn uống,299000
14/10/2023,1/10/2023,Vitamin d3 Na,Chi phí Suna,295000
11/3/2024,1/3/2024,D3K2,Chi phí Suna,295000
1/5/2024,1/5/2024,D3K2 Na,Chi phí Suna,295000
22/6/2024,1/6/2024,D3K2 Na,Chi phí Suna,295000
1/7/2024,1/7/2024,Vitamin tổng hợp Na,Chi phí Suna,295000
22/12/2024,1/12/2024,Khu vui chơi,Phát sinh,294000
26/6/2025,1/6/2025,Đồ ăn vặt shopee,Ăn uống,294000
21/6/2025,1/6/2025,Siu thị King Food,Ăn uống,293000
28/3/2024,1/3/2024,Thiệt thanh thao - shopee,Phát sinh,292000
7/10/2025,1/10/2025,Nấu ăn tối,Ăn uống,291000
22/11/2025,1/11/2025,Nấu ăn Kingfood,Ăn uống,291000
18/10/2024,1/10/2024,SM từ sb về cc,Phát sinh,290000
30/12/2024,1/12/2024,Cơm thố,Ăn uống,290000
26/4/2025,1/4/2025,Ăn tối món Hàn,Ăn uống,290000
24/5/2025,1/5/2025,Gạo ST25 mang xun sg,Ăn uống,290000
29/11/2025,1/11/2025,Xem phim rạp,Phát sinh,289000
18/11/2024,1/11/2024,quà 20/11 các cô trung tâm tiếng Anh,Phát sinh,288000
26/7/2025,1/7/2025,Mua đồ gđ,Phát sinh,288000
22/10/2023,1/10/2023,Sữa TH Suna,Chi phí Suna,287000
13/2/2025,1/2/2025,Mua đồ coopmart,Ăn uống,287000
21/10/2024,1/10/2024,"Di chuyển Grab, SM",Phát sinh,285000
23/2/2026,1/2/2026,Grab ba đi sân bay,Phát sinh,284000
3/12/2023,1/12/2023,Sữa TH + bánh giò,Chi phí Suna,283000
16/11/2024,1/11/2024,mua đồ Siu thị Go,Ăn uống,283000
3/11/2024,1/11/2024,Điện BMT,Điện nước,282000
10/7/2024,1/7/2024,Mua kỷ tử cho 2 mẹ,Ăn uống,280000
10/8/2025,1/8/2025,Quà sn ngoại,Phát sinh,280000
10/12/2025,1/12/2025,Nấu ăn Kingfood,Ăn uống,280000
20/10/2023,1/10/2023,Đũa inox,Phát sinh,279000
20/11/2023,1/11/2023,Siu thị coopmart,Ăn uống,279000
9/7/2025,1/7/2025,Siu thị King,Ăn uống,279000
7/12/2025,1/12/2025,Nấu ăn Kingfood,Ăn uống,278000
9/8/2025,1/8/2025,Mua bánh bía dùm bạn ba,Phát sinh,277000
20/7/2025,1/7/2025,Xe grab đi taxi bác,Phát sinh,275000
3/1/2026,1/1/2026,Ăn tối,Ăn uống,275000
19/4/2025,1/4/2025,Ăn tối ốc,Ăn uống,273000
11/10/2025,1/10/2025,Nước dừa + gạo ,Ăn uống,272000
14/12/2025,1/12/2025,Ăn trưa quán hủ tiếu mực,Ăn uống,272000
18/2/2025,1/2/2025,"Nhà sách (hộp bút, slime)",Phát sinh,271000
6/2/2024,1/2/2024,Kẹo tết,Phát sinh,270000
24/12/2024,1/12/2024,Bánh kem Giáng Sinh,Ăn uống,270000
16/2/2025,1/2/2025,Bánh kem sn ông ngoại,Phát sinh,270000
7/7/2024,1/7/2024,Sữa tắm Na,Chi phí Suna,266000
14/8/2025,1/8/2025,Quà sn ngoại (kẹp tócl,Phát sinh,266000
22/10/2023,1/10/2023,bò lá lốt,Ăn uống,265000
29/12/2024,1/12/2024,Đũa,Ăn uống,264000
17/6/2025,1/6/2025,Quần thể thao mẹ,Phát sinh,264000
22/1/2024,1/1/2024,Sữa TH Na,Chi phí Suna,263000
18/5/2024,1/5/2024,ChatGPT tháng 5,Phát sinh,262000
7/9/2024,1/9/2024,Siu thị,Ăn uống,261000
14/5/2024,1/5/2024,Bánh kem,Phát sinh,260000
15/12/2025,1/12/2025,Lẩu cá đuối,Ăn uống,260000
23/12/2025,1/12/2025,Giày Suna,Chi phí Suna,260000
20/1/2026,1/1/2026,Váy tết (mẹ),Phát sinh,260000
28/12/2023,1/12/2023,Sữa tắm Na,Chi phí Suna,259000
1/10/2025,1/10/2025,Nấu ăn tối,Ăn uống,259000
27/11/2025,1/11/2025,Lăn khử mùi ba,Phát sinh,259000
9/1/2024,1/1/2024,Đồ dùng robot,Phát sinh,258000
1/1/2025,1/1/2025,Đi grab ra sân bay,Phát sinh,258000
7/1/2026,1/1/2026,Nấu ăn Kingfood,Ăn uống,258000
13/10/2024,1/10/2024,Chả cá NT,Phát sinh,255000
27/7/2025,1/7/2025,Siu thị King Food,Ăn uống,254000
9/8/2025,1/8/2025,Cf mua dùm bạn ba,Phát sinh,254000
13/3/2026,1/3/2026,Nấu ăn Kingfood,Ăn uống,253000
4/10/2025,1/10/2025,Siu thị,Ăn uống,252000
29/6/2025,1/6/2025,King food,Ăn uống,251000
22/12/2023,1/12/2023,Gạo,Ăn uống,250000
24/12/2023,1/12/2023,Bánh kem,Phát sinh,250000
25/6/2024,1/6/2024,Chat GPT,Phát sinh,250000
29/7/2024,1/7/2024,Bình nước uống,Chi phí Suna,250000
11/8/2024,1/8/2024,Siu thị,Ăn uống,250000
6/11/2024,1/11/2024,Thuốc Suna,Phát sinh,250000
10/11/2024,1/11/2024,Ăn tối,Ăn uống,250000
28/1/2025,1/1/2025,Cúc nhỏ,Phát sinh,250000
14/4/2025,1/4/2025,Bình Giữ Nhiệt,Chi phí Suna,250000
8/6/2025,1/6/2025,Thu phí trạm ,Phát sinh,250000
11/6/2025,1/6/2025,Quán ngõ ăn tối,Ăn uống,250000
19/8/2025,1/8/2025,Nem nướng,Ăn uống,250000
26/9/2025,1/9/2025,Cọc tiền hoa khai trương Bi,Phát sinh,250000
27/9/2025,1/9/2025,Thanh toán tiền hoa,Phát sinh,250000
28/11/2025,1/11/2025,Nấu ăn Kingfood,Ăn uống,250000
6/1/2026,1/1/2026,Cọc KS Đà Nẵng (về),Phát sinh,250000
8/8/2024,1/8/2024,BHX,Ăn uống,249000
31/3/2025,1/3/2025,Dầu gội đầu,Phát sinh,248000
10/12/2025,1/12/2025,Cơm cháy,Ăn uống,245000
25/2/2024,1/2/2024,Gà Kdak,Ăn uống,244000
13/11/2025,1/11/2025,Nấu ăn Kingfood,Ăn uống,243000
1/11/2025,1/11/2025,Ăn tối (ốc luộc),Ăn uống,242000
22/6/2025,1/6/2025,Siu thị King food,Ăn uống,241000
28/10/2023,1/10/2023,Siu thị GO,Ăn uống,240000
16/11/2023,1/11/2023,1 giỏ trái cây,Phát sinh,240000
15/8/2025,1/8/2025,Grab ra sân bay,Phát sinh,240000
6/9/2025,1/9/2025,Ăn tối,Ăn uống,240000
16/6/2024,1/6/2024,Ăn tối vịt quay,Ăn uống,239000
22/11/2024,1/11/2024,Mì udon ăn tối,Ăn uống,235000
8/3/2025,1/3/2025,Ăn mừng 8.3 ,Phát sinh,235000
11/9/2025,1/9/2025,Shopee - valy Suna,Chi phí Suna,233000
24/1/2026,1/1/2026,Siêu thị Coopmart,Ăn uống,233000
12/12/2024,1/12/2024,Nước giặt,Phát sinh,232000
15/11/2025,1/11/2025,Siu thị Coopmart,Ăn uống,231500
6/4/2024,1/4/2024,Kdak,Ăn uống,230000
20/10/2024,1/10/2024,bánh mì,Ăn uống,230000
4/4/2025,1/4/2025,Coopmart,Phát sinh,230000
25/12/2023,1/12/2023,Đồ shopee Na,Chi phí Suna,229000
29/8/2025,1/8/2025,Kingfood,Ăn uống,229000
2/1/2026,1/1/2026,Nấu ăn Kingfood,Ăn uống,229000
8/12/2024,1/12/2024,Táo đỏ,Ăn uống,228000
15/9/2025,1/9/2025,Kingfood,Ăn uống,227000
21/9/2025,1/9/2025,Kingfood,Ăn uống,225000
4/5/2024,1/5/2024,Đóng tiền wifi,Điện nước,224000
22/12/2025,1/12/2025,Đi xem phim,Phát sinh,224000
21/3/2025,1/3/2025,Ăn tối,Ăn uống,223000
3/11/2025,1/11/2025,Nấu ăn tối,Ăn uống,222000
6/2/2026,1/2/2026,Mua thuốc dự phòng,Phát sinh,222000
1/12/2024,1/12/2024,Tiền điện tháng 11,Điện nước,221000
25/6/2025,1/6/2025,Kính bơi của ba,Phát sinh,221000
2/8/2025,1/8/2025,"Kingfood cn (tiền ăn cuối tuần, ko tính)",Ăn uống,221000
1/10/2023,1/10/2023,Khám phụ khoa,Phát sinh,220000
15/6/2024,1/6/2024,Ăn tối tàu xì,Ăn uống,220000
12/12/2024,1/12/2024,Mua cf cho nội,Phát sinh,220000
25/10/2025,1/10/2025,Nấu ăn tối,Ăn uống,220000
22/2/2026,1/2/2026,Bánh sinh nhật ba,Phát sinh,220000
15/12/2023,1/12/2023,Nến thơm,Phát sinh,219000
29/6/2024,1/6/2024,Ăn sáng + cf,Ăn uống,218000
23/3/2025,1/3/2025,Ăn tối,Ăn uống,218000
2/6/2025,1/6/2025,Siu thị Coop,Ăn uống,217000
30/1/2026,1/1/2026,Thịt nướng,Ăn uống,216000
26/10/2025,1/10/2025,Yến Mạch ,Ăn uống,215000
16/3/2024,1/3/2024,Senkai,Ăn uống,214000
27/6/2024,1/6/2024,Cơm cháy,Ăn uống,214000
21/10/2024,1/10/2024,Đi Grab vể chung cư,Phát sinh,214000
12/10/2025,1/10/2025,Nấu ăn tối,Ăn uống,214000
19/2/2025,1/2/2025,Siu thị Coopx,Ăn uống,213000
25/1/2026,1/1/2026,Áo tết (ba me),Phát sinh,212000
3/1/2024,1/1/2024,Đồ Suna,Chi phí Suna,211000
9/8/2024,1/8/2024,Kem dưỡng da ,Chi phí Suna,211000
2/2/2024,1/2/2024,Ăn tối,Ăn uống,210000
4/4/2024,1/4/2024,Khám bệnh Na lần 2,Chi phí Suna,210000
10/6/2024,1/6/2024,Sách Suna,Phát sinh,210000
20/10/2024,1/10/2024,SM về chung cư,Phát sinh,210000
23/2/2025,1/2/2025,SM từ Vin ra sân bay,Phát sinh,210000
10/6/2025,1/6/2025,Ăn sáng hủ tíu khô,Ăn uống,210000
1/11/2025,1/11/2025,Ăn tối (nem nướng),Ăn uống,210000
15/11/2025,1/11/2025,Ăn tối,Ăn uống,210000
13/12/2025,1/12/2025,Ăn tối,Ăn uống,210000
14/12/2025,1/12/2025,Yến mạch,Ăn uống,210000
9/3/2025,1/3/2025,Siu thị GO,Ăn uống,209000
7/6/2025,1/6/2025,Bánh ăn đi dg,Ăn uống,209000
30/10/2023,1/10/2023,Đồ ở nhà shopee,Phát sinh,208000
31/5/2025,1/5/2025,Ăn trưa,Ăn uống,208000
2/8/2025,1/8/2025,Coopmart,Ăn uống,208000
24/11/2023,1/11/2023,Đèn năng lượng mt,Phát sinh,207000
28/1/2025,1/1/2025,Thành Phát,Ăn uống,206000
14/10/2023,1/10/2023,Sữa tắm Suna,Chi phí Suna,205000
18/11/2023,1/11/2023,cf sáng,Ăn uống,205000
6/2/2026,1/2/2026,Ăn tối,Ăn uống,205000
9/12/2023,1/12/2023,ăn tối Sushi,Ăn uống,204000
24/11/2024,1/11/2024,Ăn trưa mỳ udon,Ăn uống,204000
16/7/2025,1/7/2025,Ăn ngoài 2 mẹ con,Ăn uống,203000
25/1/2026,1/1/2026,Ăn tối,Ăn uống,203000
12/10/2023,1/10/2023,Quà nội,Phát sinh,202000
24/9/2025,1/9/2025,Kingfood,Ăn uống,202000
8/10/2023,1/10/2023,quà nội,Phát sinh,200000
29/10/2023,1/10/2023,Đưa ba mua đồ ăn sáng,Ăn uống,200000
19/11/2023,1/11/2023,Mua nước xả,Phát sinh,200000
7/12/2023,1/12/2023,Cọc tiền mua 2 hộp Organic Greens,Phát sinh,200000
17/12/2023,1/12/2023,Nội: kem chống nắng,Phát sinh,200000
24/12/2023,1/12/2023,vịt quay,Ăn uống,200000
4/1/2024,1/1/2024,Cọc 3 hộp Organic,Phát sinh,200000
8/1/2024,1/1/2024,Nước detox,Ăn uống,200000
1/2/2024,1/2/2024,Vé số,Phát sinh,200000
7/2/2024,1/2/2024,Cúc mâm xôi,Phát sinh,200000
8/3/2024,1/3/2024,Lẩu bò,Ăn uống,200000
26/8/2024,1/8/2024,Siro ho,Phát sinh,200000
28/9/2024,1/9/2024,Quyên góp lũ lụt NEC,Phát sinh,200000
14/11/2024,1/11/2024,Son tặng cô 20.11,Phát sinh,200000
8/12/2024,1/12/2024,"Cơm cháy, mít",Ăn uống,200000
15/12/2024,1/12/2024,Ăn tối,Ăn uống,200000
20/12/2024,1/12/2024,Đặt cọc bánh giáng sinh,Phát sinh,200000
26/2/2025,1/2/2025,Sửa ống nước,Phát sinh,200000
3/5/2025,1/5/2025,Ăn tối Camping,Ăn uống,200000
10/5/2025,1/5/2025,mẹ lấy cao răng,Phát sinh,200000
15/6/2025,1/6/2025,Quần bơi ba,Phát sinh,200000
22/6/2025,1/6/2025,Tiền net trễ tháng 5/2025,Phát sinh,200000
6/8/2025,1/8/2025,"Bỏ heo, ko phát sinh tiền kingfood thứ 4",Ăn uống,200000
6/8/2025,1/8/2025,"Kingfood 178k, bỏ heo 22k",Ăn uống,200000
17/8/2025,1/8/2025,Thuê xe chở đồ ,Phát sinh,200000
30/8/2025,1/8/2025,Phí qua trạm,Phát sinh,200000
5/9/2025,1/9/2025,Gà rán ,Ăn uống,200000
27/9/2025,1/9/2025,Ăn tối,Ăn uống,200000
18/10/2025,1/10/2025,Ăn tối,Ăn uống,200000
15/11/2025,1/11/2025,Massage,Phát sinh,200000
17/7/2024,1/7/2024,Silip ba Hỉa,Phát sinh,198000
28/8/2024,1/8/2024,BHX,Ăn uống,198000
20/9/2025,1/9/2025,Ăn tối MCDonald,Ăn uống,198000
12/10/2023,1/10/2023,tái khám Na mắt,Chi phí Suna,195000
17/6/2024,1/6/2024,Bánh Richy,Ăn uống,195000
7/11/2024,1/11/2024,CF sáng,Ăn uống,195000
30/12/2023,1/12/2023,Ăn tối,Ăn uống,194000
24/7/2024,1/7/2024,Ăn tối,Ăn uống,194000
15/9/2024,1/9/2024,Khoai tay chiên,Ăn uống,194000
16/3/2025,1/3/2025,Ốc 100,Ăn uống,194000
28/3/2025,1/3/2025,Gà rán,Ăn uống,194000
13/10/2025,1/10/2025,nấu ăn,Ăn uống,194000
20/8/2025,1/8/2025,"Kingfood t4,5",Ăn uống,192000
17/6/2025,1/6/2025,Dép Suna,Chi phí Suna,191000
18/8/2025,1/8/2025,cf ,Ăn uống,191000
18/1/2026,1/1/2026,Shopee - Vớ Na,Ăn uống,191000
5/11/2023,1/11/2023,Ăn tối,Ăn uống,190000
25/12/2023,1/12/2023,Siu thị coop,Ăn uống,190000
4/1/2024,1/1/2024,Mắt kính Na,Chi phí Suna,190000
8/9/2024,1/9/2024,Gà rán ,Ăn uống,190000
28/1/2025,1/1/2025,Hoa tuyết mai,Phát sinh,190000
17/9/2025,1/9/2025,Kingfood,Ăn uống,190000
28/9/2025,1/9/2025,Ăn tối (gà nướng),Ăn uống,190000
10/7/2025,1/7/2025,Siu thị King,Ăn uống,189000
29/12/2025,1/12/2025,Xịt Body mẹ,Phát sinh,188000
11/1/2026,1/1/2026,Ăn tối,Ăn uống,188000
19/1/2024,1/1/2024,Gà Kdak,Ăn uống,187000
30/3/2024,1/3/2024,Siu thị,Ăn uống,187000
26/8/2024,1/8/2024,Grab đi sb về bác trâm,Phát sinh,186000
25/12/2023,1/12/2023,Xem phim,Phát sinh,185000
12/7/2025,1/7/2025,Gà nướng,Ăn uống,185000
8/8/2025,1/8/2025,"Ăn tối, gà nướng",Ăn uống,185000
8/8/2025,1/8/2025,Esim Klook ba,Phát sinh,185000
10/8/2025,1/8/2025,Bánh kem sn ngoại ,Phát sinh,185000
1/9/2025,1/9/2025,Ăn tối gà quay,Ăn uống,185000
7/3/2026,1/3/2026,Gà quay,Ăn uống,185000
16/6/2024,1/6/2024,Ăn sáng + cf,Ăn uống,184000
1/7/2024,1/7/2024,Táo đỏ tân cương,Ăn uống,184000
11/8/2024,1/8/2024,Mua quạt cho nội,Phát sinh,184000
7/4/2024,1/4/2024,Mỳ cay,Ăn uống,183000
8/6/2025,1/6/2025,Gà nướng,Ăn uống,183000
1/1/2025,1/1/2025,Cơm trưa,Ăn uống,182000
18/2/2025,1/2/2025,"Dao, thớt",Phát sinh,182000
5/3/2024,1/3/2024,Lệ phí làm passport Na,Chi phí Suna,180000
21/5/2024,1/5/2024,Bánh kem,Phát sinh,180000
6/7/2024,1/7/2024,Ăn tối vịt quay,Ăn uống,180000
6/9/2024,1/9/2024,Giày Suna,Chi phí Suna,180000
27/1/2025,1/1/2025,bánh chưng cúng,Ăn uống,180000
2/3/2025,1/3/2025,Bánh sinh nhật,Ăn uống,180000
14/6/2025,1/6/2025,Ăn tối gà nướng,Ăn uống,180000
21/6/2025,1/6/2025,Ăn sáng,Ăn uống,180000
27/11/2025,1/11/2025,Váy,Chi phí Suna,180000
6/12/2025,1/12/2025,Mua gạo lứt cho nội,Phát sinh,180000
24/2/2026,1/2/2026,Nấu ăn Kingfood,Ăn uống,180000
26/4/2025,1/4/2025,Ăn tối Kdak,Ăn uống,179000
2/11/2025,1/11/2025,Ăn sáng,Ăn uống,179000
17/8/2024,1/8/2024,Đồ bôk tiktok,Phát sinh,178000
17/12/2025,1/12/2025,Nấu ăn Kingfood,Ăn uống,178000
10/1/2026,1/1/2026,Nấu ăn Kingfood,Ăn uống,178000
27/2/2026,1/2/2026,Nấu ăn Kingfood,Ăn uống,178000
7/3/2026,1/3/2026,Nấu ăn Kingfood,Ăn uống,178000
11/6/2025,1/6/2025,Bún riêu,Ăn uống,177000
22/7/2025,1/7/2025,Siu thị Kingfood,Ăn uống,177000
25/10/2025,1/10/2025,Đồ Hóa trang Cánh bướm tiên,Chi phí Suna,177000
29/12/2025,1/12/2025,Nấu ăn Kingfood,Ăn uống,177000
15/3/2025,1/3/2025,Bún bò,Ăn uống,176000
19/4/2025,1/4/2025,Siêu thị coop,Phát sinh,176000
12/10/2025,1/10/2025,Shopee - quần chip ba,Phát sinh,176000
1/1/2024,1/1/2024,cf sáng ,Ăn uống,175000
26/8/2024,1/8/2024,Grab nhà bác t đi sb,Phát sinh,175000
20/10/2024,1/10/2024,SM Thiso mall,Phát sinh,175000
14/11/2025,1/11/2025,Siu thị Coopmart,Ăn uống,173000
31/12/2024,1/12/2024,Cơm trưa,Ăn uống,172000
2/6/2025,1/6/2025,"Tiền điện tháng 5, Ymoan",Điện nước,172000
19/10/2025,1/10/2025,Nấu ăn tối,Ăn uống,172000
24/7/2024,1/7/2024,Quà sinh nhật Sam,Phát sinh,170000
10/10/2024,1/10/2024,Mua son,Phát sinh,170000
19/10/2024,1/10/2024,Ăn sáng,Ăn uống,170000
23/2/2025,1/2/2025,Mua đồ bọc máy giặt,Phát sinh,170000
3/4/2025,1/4/2025,esim,Phát sinh,170000
27/7/2025,1/7/2025,Ăn tôid,Ăn uống,170000
31/8/2025,1/8/2025,Cf Hừng đông,Phát sinh,170000
7/12/2025,1/12/2025,Đi lên nhà bác tr,Phát sinh,170000
7/3/2026,1/3/2026,Túi mẹ,Phát sinh,170000
23/8/2024,1/8/2024,Grab từ nhà ra sb,Phát sinh,169000
31/12/2024,1/12/2024,Gà rán,Ăn uống,169000
10/8/2024,1/8/2024,Mua đồ chánh long,Chi phí Suna,168000
30/12/2024,1/12/2024,Trà sữa,Ăn uống,168000
1/1/2025,1/1/2025,Trà sữa,Ăn uống,168000
19/8/2025,1/8/2025,Grab di chuyển ra sb bmt,Phát sinh,168000
29/3/2024,1/3/2024,Ăn trưa mì cay,Ăn uống,167000
29/11/2024,1/11/2024,Cơm cháy,Ăn uống,167000
6/10/2023,1/10/2023,Tái khám Na,Chi phí Suna,166000
26/8/2024,1/8/2024,Bánh mì bà Huynh,Ăn uống,166000
11/11/2024,1/11/2024,Mũ bảo hiểm,Chi phí Suna,166000
13/9/2025,1/9/2025,Mua đồ DIY,Phát sinh,166000
3/9/2025,1/9/2025,Kingfood,Ăn uống,166000
8/1/2024,1/1/2024,Táo,Ăn uống,165000
25/2/2024,1/2/2024,Mũ bảo hiểm Na,Chi phí Suna,165000
3/9/2025,1/9/2025,Kingfood,Ăn uống,165000
24/11/2023,1/11/2023,Trang trí noel,Phát sinh,164000
10/12/2023,1/12/2023,Đồ Na,Chi phí Suna,163000
20/10/2024,1/10/2024,Ăn tối,Ăn uống,163000
28/10/2025,1/10/2025,Nấu ăn tối,Ăn uống,162000
5/2/2024,1/2/2024,Xịt mũi Ma,Chi phí Suna,161000
12/11/2025,1/11/2025,Shopee Hạt chia,Phát sinh,161000
25/6/2024,1/6/2024,Chiếu điều hòa,Phát sinh,160000
2/7/2024,1/7/2024,Bánh tráng trộn,Ăn uống,160000
26/8/2024,1/8/2024,Ăn sáng,Ăn uống,160000
9/7/2025,1/7/2025,Bông tẩy trang,Phát sinh,160000
2/8/2025,1/8/2025,Massage ,Phát sinh,160000
24/9/2025,1/9/2025,Vệ sinh giày,Phát sinh,160000
30/6/2025,1/6/2025,"Đồ Shopee, đũa - vớ",Chi phí Suna,159000
27/11/2025,1/11/2025,Sữa tắm ba,Phát sinh,159000
29/8/2025,1/8/2025,Kingfood,Ăn uống,158000
27/1/2024,1/1/2024,sushi,Ăn uống,157000
28/5/2024,1/5/2024,Gà rán,Ăn uống,157000
18/8/2024,1/8/2024,Siu thị coopmart,Phát sinh,157000
14/12/2024,1/12/2024,Kdak,Ăn uống,157000
15/8/2025,1/8/2025,Grab sb về bmt,Phát sinh,156000
1/1/2025,1/1/2025,Gà rán,Ăn uống,154000
13/6/2025,1/6/2025,Ăn tối,Ăn uống,153000
29/10/2023,1/10/2023,Thuốc ba,Phát sinh,152716
26/1/2025,1/1/2025,sushi sake,Ăn uống,152000
24/5/2025,1/5/2025,Siu thị GO,Ăn uống,152000
16/10/2025,1/10/2025,Nấu ăn,Ăn uống,152000
14/10/2023,1/10/2023,Gà bó xôi,Ăn uống,150000
4/11/2023,1/11/2023,Gà bó xôi tối,Ăn uống,150000
2/12/2023,1/12/2023,Ăn tối,Ăn uống,150000
25/12/2023,1/12/2023,Xu,Chi phí Suna,150000
13/1/2024,1/1/2024,Bò lá lốt,Ăn uống,150000
11/2/2024,1/2/2024,Siu thị,Ăn uống,150000
16/3/2024,1/3/2024,Vé vào Zoo,Chi phí Suna,150000
1/12/2024,1/12/2024,Khô gà,Ăn uống,150000
29/12/2024,1/12/2024,bánh tart trứng,Ăn uống,150000
21/2/2025,1/2/2025,Cơm trưa Cơm niêu,Ăn uống,150000
14/3/2025,1/3/2025,Kem bôi chàm ba,Phát sinh,150000
25/4/2025,1/4/2025,Mẹ làm móng,Phát sinh,150000
5/5/2025,1/5/2025,Quần chip Suna,Chi phí Suna,150000
17/8/2025,1/8/2025,Dầu gội đầu,Phát sinh,150000
22/10/2025,1/10/2025,Kem thuần mộc,Phát sinh,150000
14/12/2025,1/12/2025,Thuê xe máy,Phát sinh,150000
1/2/2026,1/2/2026,Tinh bột nghệ,Ăn uống,150000
1/2/2026,1/2/2026,Khô bò,Ăn uống,150000
22/2/2026,1/2/2026,Cơm tấm,Ăn uống,150000
21/6/2025,1/6/2025,cf sáng,Ăn uống,149000
20/1/2026,1/1/2026,Mực chiên + pate + ts ,Ăn uống,149000
4/5/2024,1/5/2024,Ăn mỳ cay,Ăn uống,148000
23/2/2025,1/2/2025,Bún đậu,Ăn uống,148000
3/8/2025,1/8/2025,cf + ăn sáng,Ăn uống,148000
12/10/2025,1/10/2025,Nấu ăn,Ăn uống,148000
12/10/2025,1/10/2025,"Nước dừa, cam, bưởi",Ăn uống,147000
27/7/2024,1/7/2024,Sekai Sushi,Ăn uống,146000
5/7/2025,1/7/2025,Sầu riêng,Ăn uống,146000
22/10/2024,1/10/2024,Grab lên vincom q2,Phát sinh,145500
17/12/2023,1/12/2023,Tàu xì,Ăn uống,145000
11/9/2024,1/9/2024,Chi phí điện nước,Điện nước,145000
18/10/2024,1/10/2024,Grab ra sbay,Phát sinh,145000
19/10/2024,1/10/2024,Siu thị Coop,Phát sinh,145000
22/10/2024,1/10/2024,grab về nhà,Phát sinh,145000
10/12/2024,1/12/2024,Xịt mũi Suna,Chi phí Suna,145000
16/12/2025,1/12/2025,Bông lan tm,Ăn uống,145000
24/1/2026,1/1/2026,Bánh bao,Ăn uống,145000
17/12/2023,1/12/2023,Đồ bộ Na,Chi phí Suna,144000
6/11/2024,1/11/2024,Nem nướng,Ăn uống,144000
28/6/2025,1/6/2025,Ăn sáng,Ăn uống,144000
10/9/2025,1/9/2025,Kingfood,Ăn uống,144000
12/10/2025,1/10/2025,Bánh tráng xoài,Ăn uống,144000
3/2/2024,1/2/2024,Chánh Long hậu,Chi phí Suna,143000
29/7/2024,1/7/2024,Chân váy,Phát sinh,143000
9/8/2024,1/8/2024,Ăn tối Kdak,Ăn uống,143000
20/3/2025,1/3/2025,Mua đồ shopee,Phát sinh,143000
27/4/2025,1/4/2025,Siu thị GO,Ăn uống,143000
10/8/2024,1/8/2024,Quần chip mẹ,Phát sinh,142000
22/10/2024,1/10/2024,Ăn sáng,Ăn uống,142000
23/2/2025,1/2/2025,Grab sân bay về nhà,Phát sinh,141000
1/5/2024,1/5/2024,Khi vui chơi,Chi phí Suna,140000
5/5/2024,1/5/2024,Khu vui chơi GO,Chi phí Suna,140000
17/7/2024,1/7/2024,Khăn giấy 10 bịch,Phát sinh,140000
29/9/2024,1/9/2024,Siu thị GO,Phát sinh,140000
30/12/2024,1/12/2024,Chè,Ăn uống,140000
9/7/2025,1/7/2025,Giày Suna,Chi phí Suna,140000
22/8/2025,1/8/2025,Bút lông,Phát sinh,140000
27/12/2025,1/12/2025,Ăn sáng,Ăn uống,140000
15/1/2026,1/1/2026,Nấu ăn kingfood,Ăn uống,140000
6/2/2026,1/2/2026,Ăn sáng,Ăn uống,140000
8/12/2024,1/12/2024,Nước rửa hữu cơ,Phát sinh,139000
15/3/2025,1/3/2025,Sushi cơm cuộn,Ăn uống,139000
3/2/2026,1/2/2026,Khoai môn sấy,Ăn uống,139000
1/6/2024,1/6/2024,Ăn tối mỳ cay,Ăn uống,138000
9/12/2024,1/12/2024,Giày Suna,Chi phí Suna,138000
10/7/2025,1/7/2025,Siu thị King,Ăn uống,138000
19/10/2024,1/10/2024,Cf,Ăn uống,137000
18/8/2025,1/8/2025,bánh bò,Ăn uống,137000
22/8/2025,1/8/2025,Gà rán Mc Donalds,Ăn uống,137000
12/12/2025,1/12/2025,Nem chua Thanh Hóa,Ăn uống,137000
24/11/2024,1/11/2024,Grab từ SB về,Phát sinh,136000
2/2/2025,1/2/2025,Cf Lucie,Ăn uống,136000
12/6/2025,1/6/2025,Mua hộp hút ẩm tiktok,Phát sinh,136000
5/10/2025,1/10/2025,Ăn sáng,Ăn uống,136000
16/11/2023,1/11/2023,Giấy phép lái xe,Phát sinh,135000
13/1/2024,1/1/2024,Khu trò chơi ,Chi phí Suna,135000
28/1/2024,1/1/2024,Tàu lửa,Chi phí Suna,135000
9/7/2024,1/7/2024,Cơm cháy,Ăn uống,135000
5/10/2024,1/10/2024,tô tượng,Chi phí Suna,135000
19/10/2025,1/10/2025,Ốp lưng đt,Phát sinh,135000
20/12/2025,1/12/2025,Ăn sáng,Ăn uống,135000
24/1/2026,1/1/2026,Ăn sáng,Ăn uống,135000
27/7/2024,1/7/2024,Quần ba Hỉa,Phát sinh,134000
2/8/2025,1/8/2025,DIY,Phát sinh,134000
27/12/2023,1/12/2023,Gà,Ăn uống,133000
14/6/2025,1/6/2025,Thuốc nhỏ mắt,Phát sinh,133000
6/7/2025,1/7/2025,"Thớt, nĩa DIY",Phát sinh,133000
26/7/2025,1/7/2025,Bình nước Ba,Phát sinh,133000
20/12/2025,1/12/2025,Decal dán kính VS,Phát sinh,133000
26/8/2024,1/8/2024,Gran sb về nhà,Phát sinh,132000
28/8/2024,1/8/2024,Cơm cháy,Ăn uống,132000
10/1/2026,1/1/2026,Ăn tối ,Ăn uống,132000
13/3/2025,1/3/2025,Grab đi vể,Phát sinh,131000
4/2/2026,1/2/2026,Ăn tối,Ăn uống,131000
4/10/2023,1/10/2023,sìlip shopee,Phát sinh,130000
29/3/2024,1/3/2024,Xem phim,Phát sinh,130000
1/5/2024,1/5/2024,Cam,Ăn uống,130000
11/5/2024,1/5/2024,Tàu xì,Ăn uống,130000
18/8/2024,1/8/2024,"Thu tiền phường, khối hàng năm",Phát sinh,130000
7/12/2024,1/12/2024,Chào lòng,Ăn uống,130000
7/2/2025,1/2/2025,CF hộp,Ăn uống,130000
5/3/2025,1/3/2025,Khay chia thìa,Phát sinh,130000
28/11/2025,1/11/2025,Shopee Váy Suna,Chi phí Suna,130000
15/12/2025,1/12/2025,Bánh khọt,Ăn uống,130000
18/1/2026,1/1/2026,Ăn sáng,Ăn uống,130000
28/1/2026,1/1/2026,Nấu ăn Kingfood,Ăn uống,130000
7/2/2026,1/2/2026,Ăn sáng,Ăn uống,130000
10/6/2025,1/6/2025,Cf sáng,Ăn uống,129000
24/10/2025,1/10/2025,Thuốc Long Châu,Phát sinh,129000
7/12/2025,1/12/2025,Siu thị Coopmart,Ăn uống,129000
7/10/2023,1/10/2023,Cf sáng,Ăn uống,128000
29/7/2025,1/7/2025,Siu thị Kingfood,Ăn uống,128000
2/9/2025,1/9/2025,Vệ sinh giày,Phát sinh,128000
17/11/2025,1/11/2025,Phêla cf,Ăn uống,128000
13/12/2025,1/12/2025,Ăn sáng,Ăn uống,128000
17/7/2024,1/7/2024,Đệm ngồi của ba,Phát sinh,126000
11/10/2025,1/10/2025,Ăn bún bò,Ăn uống,126000
19/10/2025,1/10/2025,Ăn sáng,Ăn uống,126000
26/10/2025,1/10/2025,Ăn sáng,Ăn uống,126000
22/11/2025,1/11/2025,Ăn sáng,Ăn uống,126000
21/12/2025,1/12/2025,Ăn sáng,Ăn uống,126000
28/12/2025,1/12/2025,Ăn sáng,Ăn uống,126000
3/1/2026,1/1/2026,Ăn sáng,Ăn uống,126000
25/1/2026,1/1/2026,Ăn sáng,Ăn uống,126000
31/1/2026,1/1/2026,Ăn sáng,Ăn uống,126000
7/2/2026,1/2/2026,Ăn sáng,Ăn uống,126000
16/3/2024,1/3/2024,Trả ngoại tiền,Phát sinh,125000
1/1/2025,1/1/2025,GS25,Ăn uống,125000
15/8/2025,1/8/2025,Bánh mì Sân bay,Ăn uống,125000
16/11/2025,1/11/2025,Gà rán,Ăn uống,125000
22/12/2025,1/12/2025,Nem chua rán,Ăn uống,125000
10/3/2026,1/3/2026,Ăn sáng,Ăn uống,125000
20/3/2024,1/3/2024,BHX,Ăn uống,124000
19/8/2024,1/8/2024,Móc khóa Mazda,Phát sinh,124000
22/10/2024,1/10/2024,Thánh toán căn hộ,Phát sinh,124000
24/12/2024,1/12/2024,BHX,Ăn uống,124000
13/8/2025,1/8/2025,Ăn cơm tối,Ăn uống,124000
16/12/2025,1/12/2025,Cf sáng,Ăn uống,124000
10/3/2026,1/3/2026,Suna mua sách,Chi phí Suna,123000
23/11/2024,1/11/2024,Cơm thố trưa,Ăn uống,122000
1/1/2025,1/1/2025,Grab từ sb về nhà,Phát sinh,121000
5/1/2024,1/1/2024,Bánh tráng,Ăn uống,120000
9/1/2024,1/1/2024,Nước detox,Ăn uống,120000
7/2/2024,1/2/2024,Hoa tuyet mai,Phát sinh,120000
14/2/2024,1/2/2024,Khu vui chơi,Chi phí Suna,120000
7/4/2024,1/4/2024,Khu vui chơi,Chi phí Suna,120000
28/4/2024,1/4/2024,Vé khu vui chơi,Chi phí Suna,120000
19/5/2024,1/5/2024,Khu vui chơi Kidszoona,Chi phí Suna,120000
2/6/2024,1/6/2024,Kidszoona,Chi phí Suna,120000
11/8/2024,1/8/2024,Khu vui chơi,Chi phí Suna,120000
15/9/2024,1/9/2024,Khu vui chơi,Chi phí Suna,120000
21/9/2024,1/9/2024,Ăn sáng,Ăn uống,120000
22/9/2024,1/9/2024,Vé khu vui chơi,Chi phí Suna,120000
29/9/2024,1/9/2024,Vé khu vui chơi,Chi phí Suna,120000
17/2/2025,1/2/2025,Grab ra sb BMT,Phát sinh,120000
2/3/2025,1/3/2025,Vệ sinh giày,Phát sinh,120000
14/3/2025,1/3/2025,Ăn sáng,Ăn uống,120000
9/8/2025,1/8/2025,Ăn tối,Ăn uống,120000
31/1/2026,1/1/2026,Món chay,Ăn uống,120000
9/2/2025,1/2/2025,Esim Sing,Phát sinh,119522
13/8/2025,1/8/2025,Kingfood,Ăn uống,119000
9/11/2025,1/11/2025,Táo đỏ,Ăn uống,119000
21/9/2024,1/9/2024,Gà rán,Ăn uống,118000
24/11/2024,1/11/2024,Ăn sáng phở bò,Ăn uống,118000
29/6/2025,1/6/2025,Nước dừa,Ăn uống,118000
23/10/2025,1/10/2025,Cơm tấm,Ăn uống,118000
29/11/2025,1/11/2025,Esim Sing,Phát sinh,118000
11/5/2025,1/5/2025,Tiền Nước Tháng 4 Ymoan,Điện nước,117000
7/12/2025,1/12/2025,Ăn tối,Ăn uống,117000
13/3/2026,1/3/2026,Bánh Pate Chãu,Ăn uống,117000
10/11/2023,1/11/2023,trang trí noel,Phát sinh,116000
10/3/2024,1/3/2024,Tiền nước,Điện nước,116000
9/12/2024,1/12/2024,Đề can dán kính,Phát sinh,116000
1/1/2025,1/1/2025,Cơm trưa,Ăn uống,116000
16/1/2025,1/1/2025,Tiền nước,Điện nước,116000
12/4/2025,1/4/2025,Tiền nước tháng 4,Điện nước,116000
23/8/2025,1/8/2025,Mì + trứng Kingfood,Ăn uống,116000
13/9/2025,1/9/2025,Coopmart,Ăn uống,116000
25/10/2025,1/10/2025,Mua đồ shopee,Phát sinh,116000
13/4/2024,1/4/2024,Chánh Long hậu,Chi phí Suna,115000
26/8/2024,1/8/2024,Trà sữa Katinat,Ăn uống,115000
6/9/2025,1/9/2025,Ăn sáng,Ăn uống,115000
18/12/2025,1/12/2025,Ăn sáng Phở,Ăn uống,115000
11/1/2026,1/1/2026,Ăn sáng + nước,Ăn uống,115000
24/8/2025,1/8/2025,Kingfood,Ăn uống,114000
21/11/2024,1/11/2024,Đi siu thị Coop,Ăn uống,113000
19/7/2025,1/7/2025,Cơm tấm,Ăn uống,113000
13/3/2025,1/3/2025,Grab đi pv,Phát sinh,112000
5/4/2025,1/4/2025,Grab ra metro,Phát sinh,111000
11/5/2025,1/5/2025,Siu thị GO,Ăn uống,111000
14/6/2025,1/6/2025,Bánh mì Tour Ler Jous,Ăn uống,111000
17/11/2023,1/11/2023,Quần đùi ba,Phát sinh,110000
26/11/2023,1/11/2023,Cơm cháy,Ăn uống,110000
7/2/2024,1/2/2024,Nem chua,Ăn uống,110000
9/6/2024,1/6/2024,Cặp Suna,Chi phí Suna,110000
28/9/2024,1/9/2024,Ăn sáng,Ăn uống,110000
23/11/2024,1/11/2024,Ăn sáng,Ăn uống,110000
19/2/2025,1/2/2025,Bún cá,Ăn uống,110000
25/2/2025,1/2/2025,Shopee túi giặt,Phát sinh,110000
16/4/2025,1/4/2025,Ăn sáng,Ăn uống,110000
7/6/2025,1/6/2025,Ăn sáng,Ăn uống,110000
7/6/2025,1/6/2025,Tiền net Vin (1 năm),Phát sinh,110000
29/6/2025,1/6/2025,Ăn sáng,Ăn uống,110000
4/7/2025,1/7/2025,Ăn sáng,Ăn uống,110000
5/7/2025,1/7/2025,Ăn sáng,Ăn uống,110000
11/7/2025,1/7/2025,Ăn sáng,Ăn uống,110000
20/7/2025,1/7/2025,Ăn sáng bún bò,Ăn uống,110000
2/8/2025,1/8/2025,Ăn sáng,Ăn uống,110000
5/8/2025,1/8/2025,Ăn sáng,Ăn uống,110000
8/8/2025,1/8/2025,Ăn sáng,Ăn uống,110000
9/8/2025,1/8/2025,Ăn sáng,Ăn uống,110000
22/8/2025,1/8/2025,Ăn sáng,Ăn uống,110000
23/8/2025,1/8/2025,Nước dừa Kingfood,Ăn uống,110000
23/8/2025,1/8/2025,Ăn sáng,Ăn uống,110000
24/8/2025,1/8/2025,Ăn sáng,Ăn uống,110000
25/8/2025,1/8/2025,Ăn sáng,Ăn uống,110000
30/8/2025,1/8/2025,Ăn sáng,Ăn uống,110000
4/9/2025,1/9/2025,Ăn sáng,Ăn uống,110000
13/9/2025,1/9/2025,Ăn sáng,Ăn uống,110000
14/9/2025,1/9/2025,Ăn sáng,Ăn uống,110000
20/9/2025,1/9/2025,Ăn sáng,Ăn uống,110000
21/9/2025,1/9/2025,Ăn sáng,Ăn uống,110000
27/9/2025,1/9/2025,Ăn sáng,Ăn uống,110000
28/9/2025,1/9/2025,Ăn sáng,Ăn uống,110000
4/10/2025,1/10/2025,Ăn sáng,Ăn uống,110000
12/10/2025,1/10/2025,Ăn sáng ,Ăn uống,110000
18/10/2025,1/10/2025,Ăn sáng,Ăn uống,110000
25/10/2025,1/10/2025,Ăn sáng,Ăn uống,110000
30/10/2025,1/10/2025,Ăn sáng,Ăn uống,110000
1/11/2025,1/11/2025,Ăn sáng,Ăn uống,110000
9/11/2025,1/11/2025,Ăn sáng,Ăn uống,110000
15/11/2025,1/11/2025,Ăn sáng,Ăn uống,110000
16/11/2025,1/11/2025,Ăn sáng,Ăn uống,110000
22/11/2025,1/11/2025,Ăn sáng,Ăn uống,110000
29/11/2025,1/11/2025,Ăn sáng,Ăn uống,110000
7/3/2026,1/3/2026,Ăn sáng,Ăn uống,110000
13/6/2025,1/6/2025,Uống nước,Ăn uống,109000
10/8/2025,1/8/2025,Ăn tối gà rán,Ăn uống,109000
3/1/2026,1/1/2026,Esim ba,Phát sinh,109000
24/1/2026,1/1/2026,Cf sáng,Ăn uống,108000
31/1/2026,1/1/2026,Cf,Ăn uống,108000
7/2/2026,1/2/2026,CF,Ăn uống,108000
10/1/2026,1/1/2026,Siu thị Coopmart,Ăn uống,107000
16/4/2025,1/4/2025,xịt họng,Phát sinh,106000
28/10/2025,1/10/2025,Chai xịt họng (ba),Phát sinh,106000
23/2/2026,1/2/2026,Ship Thư qua ngân hàng,Phát sinh,106000
13/10/2023,1/10/2023,Gà rán,Ăn uống,105000
21/10/2023,1/10/2023,Bún đậu,Ăn uống,105000
26/10/2024,1/10/2024,Kdak,Ăn uống,105000
17/12/2024,1/12/2024,Lược Wet,Phát sinh,105000
31/3/2025,1/3/2025,Ăn tối + trưa,Ăn uống,105000
1/6/2025,1/6/2025,Ăn sáng,Ăn uống,105000
27/6/2025,1/6/2025,Ăn sáng,Ăn uống,105000
7/8/2025,1/8/2025,Ăn sáng,Ăn uống,105000
28/8/2025,1/8/2025,Ăn sáng,Ăn uống,105000
3/9/2025,1/9/2025,Ăn sáng,Ăn uống,105000
19/11/2025,1/11/2025,Nấu ăn Kingfood,Ăn uống,105000
10/6/2024,1/6/2024,Sốt mỳ cay,Ăn uống,104000
30/5/2025,1/5/2025,Cước mạng Viettel,Phát sinh,103000
1/3/2026,1/3/2026,Ăn tối,Ăn uống,103000
12/3/2026,1/3/2026,Ăn sáng,Ăn uống,103000
9/11/2025,1/11/2025,Bình nước Lock & Lock,Chi phí Suna,102000
4/6/2025,1/6/2025,Gà rán,Ăn uống,101000
23/10/2025,1/10/2025,Nấu ăn tối,Ăn uống,101000
19/10/2023,1/10/2023,Bánh sâu,Ăn uống,100000
4/11/2023,1/11/2023,cf ,Ăn uống,100000
18/11/2023,1/11/2023,bê thui,Ăn uống,100000
10/12/2023,1/12/2023,Ăn sáng  ,Ăn uống,100000
11/2/2024,1/2/2024,Khu vui chơi,Chi phí Suna,100000
23/2/2024,1/2/2024,Bách Hóa xanh,Ăn uống,100000
12/7/2024,1/7/2024,Váy Suna,Chi phí Suna,100000
28/7/2024,1/7/2024,Sửa điện,Phát sinh,100000
7/9/2024,1/9/2024,Ủng hộ trung thu,Phát sinh,100000
22/9/2024,1/9/2024,Ăn sáng,Ăn uống,100000
29/9/2024,1/9/2024,Ăn sáng,Ăn uống,100000
15/12/2024,1/12/2024,Ăn sáng,Ăn uống,100000
24/12/2024,1/12/2024,Tôm ,Ăn uống,100000
1/1/2025,1/1/2025,Trà sữa,Ăn uống,100000
18/1/2025,1/1/2025,Khu vui choi Kids zoona,Phát sinh,100000
13/2/2025,1/2/2025,Tiền nước tháng 1,Điện nước,100000
5/3/2025,1/3/2025,Bỏ thùng nhà thờ,Phát sinh,100000
22/3/2025,1/3/2025,Ăn sáng,Ăn uống,100000
23/3/2025,1/3/2025,Ăn sáng,Ăn uống,100000
26/3/2025,1/3/2025,Bánh bò,Ăn uống,100000
30/3/2025,1/3/2025,Hủ tiếu,Ăn uống,100000
19/4/2025,1/4/2025,Ăn sáng bún cá,Ăn uống,100000
24/4/2025,1/4/2025,Ăn sáng bún cá,Ăn uống,100000
28/4/2025,1/4/2025,Khô bò,Ăn uống,100000
31/5/2025,1/5/2025,Công thợ lắp máy sấy,Phát sinh,100000
13/6/2025,1/6/2025,Ăn sáng,Ăn uống,100000
15/6/2025,1/6/2025,Hủ tiếu khô,Ăn uống,100000
18/6/2025,1/6/2025,Ăn sáng,Ăn uống,100000
22/6/2025,1/6/2025,Cf sáng,Ăn uống,100000
28/6/2025,1/6/2025,Cf sáng,Ăn uống,100000
6/7/2025,1/7/2025,Ăn sáng,Ăn uống,100000
12/7/2025,1/7/2025,Cf sáng,Ăn uống,100000
20/7/2025,1/7/2025,Cf sáng,Ăn uống,100000
24/8/2025,1/8/2025,Cf,Ăn uống,100000
14/9/2025,1/9/2025,Cf sáng,Ăn uống,100000
28/9/2025,1/9/2025,Cf,Ăn uống,100000
4/10/2025,1/10/2025,Cf,Ăn uống,100000
17/11/2025,1/11/2025,Chai lăn nách ba,Phát sinh,100000
29/11/2025,1/11/2025,Cf sáng,Ăn uống,100000
13/12/2025,1/12/2025,Cf,Ăn uống,100000
21/12/2025,1/12/2025,Cf,Ăn uống,100000
29/12/2025,1/12/2025,Thuốc ba,Ăn uống,100000
31/12/2025,1/12/2025,Cf,Ăn uống,100000
14/10/2025,1/10/2025,Nấu ăn,Ăn uống,99000
28/12/2025,1/12/2025,Siu thị coopmart,Ăn uống,99000
19/2/2026,1/2/2026,Mua kéo + sữa,Phát sinh,99000
15/12/2024,1/12/2024,Khu vui chơi,Phát sinh,98000
9/3/2025,1/3/2025,khu vui chơi kidzoona,Chi phí Suna,98000
27/4/2025,1/4/2025,Khu vui chơi kid zoona,Phát sinh,98000
1/6/2025,1/6/2025,my cay,Ăn uống,98000
14/12/2025,1/12/2025,Đồ tiktok,Phát sinh,98000
23/2/2026,1/2/2026,Ăn tối,Ăn uống,98000
25/2/2026,1/2/2026,Cf Cộng,Ăn uống,98000
30/11/2023,1/11/2023,Vợt Na,Chi phí Suna,97000
11/6/2024,1/6/2024,Sốt ớt ,Ăn uống,97000
20/7/2025,1/7/2025,Coopmart,Ăn uống,96700
30/11/2023,1/11/2023,Túi Na,Chi phí Suna,96000
20/1/2024,1/1/2024,Vé vào cổng khi vui chơi,Chi phí Suna,96000
28/8/2025,1/8/2025,Kingfood,Ăn uống,96000
2/9/2025,1/9/2025,Kingfood,Ăn uống,96000
23/2/2026,1/2/2026,Ship Thư qua ngân hàng,Phát sinh,96000
29/10/2023,1/10/2023,Ăn tối bún bò,Ăn uống,95000
4/11/2023,1/11/2023,Rơ lưỡi + nước rửa bình,Chi phí Suna,95000
13/11/2023,1/11/2023,Áo thun ba,Phát sinh,95000
11/9/2024,1/9/2024,Kem đánh răng,Chi phí Suna,95000
1/3/2025,1/3/2025,Ăn sáng,Ăn uống,95000
12/5/2025,1/5/2025,Thùng đóng đồ,Phát sinh,95000
4/6/2025,1/6/2025,"Tiền điện tháng 5, Vins",Điện nước,95000
20/6/2025,1/6/2025,Ăn sáng,Ăn uống,95000
5/11/2025,1/11/2025,Cf ,Ăn uống,95000
18/12/2025,1/12/2025,CF,Ăn uống,95000
26/12/2025,1/12/2025,cf,Ăn uống,95000
12/3/2026,1/3/2026,Cf sáng,Ăn uống,95000
11/12/2025,1/12/2025,Nấu ăn Kingfood,Ăn uống,94900
11/4/2024,1/4/2024,Shopee Suna,Chi phí Suna,94000
27/12/2025,1/12/2025,Mực + nước,Ăn uống,94000
27/11/2023,1/11/2023,Grab đi và về lễ cưới Uyên,Phát sinh,93000
22/11/2024,1/11/2024,Grab từ FPT về Vin,Phát sinh,93000
31/12/2024,1/12/2024,Nhà sách,Phát sinh,93000
16/10/2025,1/10/2025,Siro ho,Chi phí Suna,93000
23/1/2026,1/1/2026,Siro ho,Chi phí Suna,93000
18/3/2024,1/3/2024,shopee,Phát sinh,92000
13/7/2024,1/7/2024,Ăn tối,Ăn uống,92000
31/5/2025,1/5/2025,Bánh mì Break Talk,Ăn uống,92000
11/9/2025,1/9/2025,Shopee,Phát sinh,92000
4/3/2026,1/3/2026,Nước tẩy + mút rua chén,Phát sinh,92000
27/10/2023,1/10/2023,Bánh mì ,Ăn uống,90000
12/12/2023,1/12/2023,Giấy dán tường ,Phát sinh,90000
10/8/2024,1/8/2024,Ăn sáng,Ăn uống,90000
7/9/2024,1/9/2024,Ăn sáng,Ăn uống,90000
6/11/2024,1/11/2024,Siêu âm ruột,Phát sinh,90000
30/12/2024,1/12/2024,Móc đồ,Phát sinh,90000
2/3/2025,1/3/2025,Ăn sáng,Ăn uống,90000
17/3/2025,1/3/2025,Ăn sáng,Ăn uống,90000
22/4/2025,1/4/2025,Son dưỡng mẹ,Phát sinh,90000
23/4/2025,1/4/2025,Ăn trưa,Ăn uống,90000
25/4/2025,1/4/2025,Chân gà,Ăn uống,90000
27/4/2025,1/4/2025,Ăn sáng,Ăn uống,90000
2/5/2025,1/5/2025,Ăn sáng,Ăn uống,90000
15/6/2025,1/6/2025,Cf,Ăn uống,90000
29/6/2025,1/6/2025,Cf sáng,Ăn uống,90000
30/6/2025,1/6/2025,Ăn sáng,Ăn uống,90000
5/7/2025,1/7/2025,Cf sáng,Ăn uống,90000
7/7/2025,1/7/2025,Ăn sáng,Ăn uống,90000
10/7/2025,1/7/2025,Ăn sáng,Ăn uống,90000
12/7/2025,1/7/2025,Ăn sáng,Ăn uống,90000
24/7/2025,1/7/2025,Bánh cuốn,Ăn uống,90000
25/7/2025,1/7/2025,oto SM,Phát sinh,90000
27/7/2025,1/7/2025,Ăn sáng,Ăn uống,90000
1/8/2025,1/8/2025,Ăn sáng,Ăn uống,90000
21/8/2025,1/8/2025,Ăn sáng,Ăn uống,90000
29/8/2025,1/8/2025,Ăn sáng,Ăn uống,90000
8/9/2025,1/9/2025,Ăn sáng,Ăn uống,90000
1/10/2025,1/10/2025,Ăn sáng,Ăn uống,90000
4/1/2026,1/1/2026,Bún chả,Ăn uống,90000
23/8/2024,1/8/2024,Grab về ksan,Phát sinh,89000
20/10/2024,1/10/2024,CF + bánh,Ăn uống,89000
20/11/2024,1/11/2024,Circle K,Ăn uống,89000
13/12/2025,1/12/2025,Cơm cháy ,Ăn uống,89000
18/1/2026,1/1/2026,Cộng cf,Ăn uống,89000
15/10/2023,1/10/2023,Mua đồ siu thị,Ăn uống,88000
17/3/2025,1/3/2025,Tiktok sate,Phát sinh,88000
14/11/2025,1/11/2025,Tiktok Miếng dong,Ăn uống,88000
16/2/2026,1/2/2026,Sữa - bánh,Ăn uống,88000
10/11/2025,1/11/2025,Nấu ăn kingfood,Ăn uống,87000
15/11/2023,1/11/2023,Chân gà rút xương,Ăn uống,86000
23/4/2024,1/4/2024,Sinh tố,Ăn uống,86000
13/2/2025,1/2/2025,5 hộp nhựa đựng đồ,Phát sinh,86000
15/3/2025,1/3/2025,Grab từ Vin ra TO,Phát sinh,86000
5/4/2025,1/4/2025,Grab ve bác t,Phát sinh,86000
30/7/2025,1/7/2025,Siu thị King food,Ăn uống,86000
10/8/2025,1/8/2025,Đồ bà ba Bảo Quỳnh,Chi phí Suna,86000
18/8/2025,1/8/2025,Grab về nhà,Phát sinh,86000
1/1/2024,1/1/2024,Ăn tối,Ăn uống,85000
19/3/2024,1/3/2024,Trà sữa,Ăn uống,85000
16/3/2025,1/3/2025,Chân gà ,Ăn uống,85000
30/4/2025,1/4/2025,Nhà sách,Phát sinh,85000
29/5/2025,1/5/2025,Bánh bò,Ăn uống,85000
23/6/2025,1/6/2025,Ăn sáng,Ăn uống,85000
23/8/2025,1/8/2025,Cờ + dôd shopee,Phát sinh,85000
5/10/2025,1/10/2025,Chè,Ăn uống,85000
25/10/2025,1/10/2025,Cf sáng,Ăn uống,85000
26/10/2025,1/10/2025,Cf,Ăn uống,85000
2/11/2025,1/11/2025,Bánh tráng trộn,Ăn uống,85000
27/12/2025,1/12/2025,Cf,Ăn uống,85000
26/4/2024,1/4/2024,Gà rán,Ăn uống,84000
5/6/2024,1/6/2024,Nước grab,Ăn uống,84000
18/1/2025,1/1/2025,bút lông,Chi phí Suna,84000
13/3/2025,1/3/2025,Mua quà cho Suna,Phát sinh,84000
21/8/2025,1/8/2025,Cf sáng,Ăn uống,84000
23/1/2024,1/1/2024,Chân gà xả tắc,Ăn uống,83000
9/5/2024,1/5/2024,Ăn đêm phia dui dẻ,Ăn uống,83000
13/2/2025,1/2/2025,Rong biển,Chi phí Suna,83000
25/2/2025,1/2/2025,Ức gà,Ăn uống,83000
28/7/2024,1/7/2024,Bánh ,Ăn uống,82000
10/7/2025,1/7/2025,Đồ Suna shopee,Phát sinh,82000
7/3/2026,1/3/2026,Nấu ăn Kingfood,Ăn uống,82000
11/6/2025,1/6/2025,Siu thị Aeon mall,Ăn uống,81000
27/6/2025,1/6/2025,Tăm xỉa răng - shopee,Phát sinh,81000
10/12/2025,1/12/2025,Đồ trang trí Noel,Phát sinh,81000
28/10/2023,1/10/2023,Xu + tàu lửa Na,Chi phí Suna,80000
20/11/2023,1/11/2023,ăn sáng bún chả,Ăn uống,80000
28/11/2023,1/11/2023,Mũ lưỡi trai,Phát sinh,80000
11/12/2023,1/12/2023,Siro ho,Chi phí Suna,80000
31/12/2023,1/12/2023,Siro ho,Chi phí Suna,80000
6/2/2024,1/2/2024,Đổ xăng,Phát sinh,80000
7/2/2024,1/2/2024,Siro ho,Chi phí Suna,80000
4/4/2024,1/4/2024,An Thái coffee,Ăn uống,80000
19/5/2024,1/5/2024,Ăn sáng,Ăn uống,80000
1/7/2024,1/7/2024,Ăn sáng,Ăn uống,80000
11/7/2024,1/7/2024,Ăn sáng + cf ba,Ăn uống,80000
24/8/2024,1/8/2024,Bánh snack,Ăn uống,80000
26/8/2024,1/8/2024,Ăn sáng,Ăn uống,80000
8/9/2024,1/9/2024,Ăn sáng,Ăn uống,80000
5/10/2024,1/10/2024,Ăn sáng,Ăn uống,80000
22/10/2024,1/10/2024,Cf sáng,Ăn uống,80000
4/12/2024,1/12/2024,Khô gà,Ăn uống,80000
7/12/2024,1/12/2024,Ăn sáng,Ăn uống,80000
20/4/2025,1/4/2025,Siro ho,Phát sinh,80000
30/4/2025,1/4/2025,Siro ho,Phát sinh,80000
10/5/2025,1/5/2025,Bánh bèo,Ăn uống,80000
24/5/2025,1/5/2025,Ăn trưa siu thị GO,Ăn uống,80000
16/6/2025,1/6/2025,Ăn sáng,Ăn uống,80000
21/6/2025,1/6/2025,Ăn sáng bánh cuốn,Ăn uống,80000
22/6/2025,1/6/2025,Ăn sáng,Ăn uống,80000
15/8/2025,1/8/2025,Ga T1 qua T3,Phát sinh,80000
20/8/2025,1/8/2025,cf sáng,Ăn uống,80000
13/9/2025,1/9/2025,"Ăn tối, quán chay",Ăn uống,80000
13/9/2025,1/9/2025,Chè,Ăn uống,80000
24/9/2025,1/9/2025,chè,Ăn uống,80000
5/10/2025,1/10/2025,Cf,Ăn uống,80000
10/10/2025,1/10/2025,Chè,Ăn uống,80000
11/10/2025,1/10/2025,Cf,Ăn uống,80000
18/10/2025,1/10/2025,Cf,Ăn uống,80000
19/10/2025,1/10/2025,Cf,Ăn uống,80000
1/11/2025,1/11/2025,Cf,Ăn uống,80000
9/11/2025,1/11/2025,Cf,Ăn uống,80000
15/11/2025,1/11/2025,Cf,Ăn uống,80000
16/11/2025,1/11/2025,Cf,Ăn uống,80000
19/11/2025,1/11/2025,Cf,Ăn uống,80000
22/11/2025,1/11/2025,Cf sáng,Ăn uống,80000
12/12/2025,1/12/2025,Cf ,Ăn uống,80000
14/12/2025,1/12/2025,Ăn sáng,Ăn uống,80000
14/12/2025,1/12/2025,Cf,Ăn uống,80000
22/1/2026,1/1/2026,Cf sáng,Ăn uống,80000
22/1/2026,1/1/2026,Viettel post,Phát sinh,80000
18/2/2026,1/2/2026,Cf sáng,Ăn uống,80000
30/5/2024,1/5/2024,Sách truyện cho Na,Chi phí Suna,79000
3/11/2024,1/11/2024,Bánh hotdog,Ăn uống,79000
10/3/2025,1/3/2025,Mì udon,Ăn uống,79000
8/7/2025,1/7/2025,Đồ shopee,Phát sinh,79000
23/1/2025,1/1/2025,Khu vui chơi,Chi phí Suna,78000
15/11/2025,1/11/2025,Miến dong - tiktok,Ăn uống,78000
2/1/2026,1/1/2026,Đồ ăn Kingfood,Ăn uống,78000
23/1/2026,1/1/2026,Ăn sáng,Ăn uống,78000
29/1/2026,1/1/2026,Bánh Pate Chaud,Ăn uống,78000
30/1/2026,1/1/2026,Ăn sáng,Ăn uống,78000
3/3/2024,1/3/2024,Ăn cuối tuần bún đậu,Ăn uống,77000
17/4/2024,1/4/2024,Đá me,Ăn uống,77000
13/3/2025,1/3/2025,Cơm trưa,Ăn uống,77000
20/11/2025,1/11/2025,Nấu ăn Kingfood,Ăn uống,77000
6/3/2026,1/3/2026,Nấu ăn Kingfood,Ăn uống,77000
10/10/2023,1/10/2023,Đóng tiền nước,Điện nước,76000
3/6/2024,1/6/2024,Shopee Na,Chi phí Suna,76000
8/1/2025,1/1/2025,Bảng mục tiêu Suna,Phát sinh,76000
17/8/2025,1/8/2025,Grab đi cafe,Phát sinh,76000
13/10/2023,1/10/2023,Bánh mì ngọt + mặn,Ăn uống,75000
11/1/2024,1/1/2024,Cơm trưa,Ăn uống,75000
27/1/2024,1/1/2024,Chân gà,Ăn uống,75000
20/2/2024,1/2/2024,Tré,Ăn uống,75000
15/3/2024,1/3/2024,Ăn vặt,Ăn uống,75000
1/4/2024,1/4/2024,Bánh ướt,Ăn uống,75000
20/4/2024,1/4/2024,Ăn tối bánh giò,Ăn uống,75000
27/4/2024,1/4/2024,Bánh giò,Ăn uống,75000
10/6/2024,1/6/2024,Sticker ủi áo,Phát sinh,75000
12/6/2024,1/6/2024,Ăn sáng,Ăn uống,75000
15/6/2024,1/6/2024,Ăn sáng,Ăn uống,75000
21/7/2024,1/7/2024,Bún cá,Ăn uống,75000
4/9/2024,1/9/2024,Trà sữa Xinglong,Ăn uống,75000
20/11/2024,1/11/2024,Bánh mì Break talk,Ăn uống,75000
23/12/2024,1/12/2024,Cá viên,Ăn uống,75000
10/2/2025,1/2/2025,Bánh Sicula Suna,Ăn uống,75000
28/3/2025,1/3/2025,Cf tối,Ăn uống,75000
26/6/2025,1/6/2025,Ăn sáng,Ăn uống,75000
1/7/2025,1/7/2025,Ăn sáng,Ăn uống,75000
8/7/2025,1/7/2025,Ăn sáng,Ăn uống,75000
9/9/2025,1/9/2025,Ăn sáng,Ăn uống,75000
21/9/2025,1/9/2025,Bánh mì ,Ăn uống,75000
2/9/2025,1/9/2025,Kingfood,Ăn uống,75000
27/11/2025,1/11/2025,"Đồ shopee (móc dán, khẩu trang Na)",Phát sinh,75000
29/11/2025,1/11/2025,Nấu ăn Kingfood,Ăn uống,75000
11/12/2025,1/12/2025,Nấu ăn Kingfood,Ăn uống,75000
1/3/2026,1/3/2026,Mực chiên,Ăn uống,75000
7/3/2026,1/3/2026,Cf cộng,Ăn uống,75000
1/12/2024,1/12/2024,Cá viên chiên,Ăn uống,74000
29/3/2025,1/3/2025,Ăn sáng bò né,Ăn uống,74000
1/3/2026,1/3/2026,Trà sữa,Ăn uống,74000
17/3/2024,1/3/2024,Bánh mì,Ăn uống,73000
29/3/2024,1/3/2024,nước,Ăn uống,73000
28/7/2024,1/7/2024,nước giặt Dnee,Chi phí Suna,73000
29/4/2025,1/4/2025,Nem chua rán,Ăn uống,73000
25/3/2024,1/3/2024,trà sua,Ăn uống,72000
20/4/2024,1/4/2024,Bánh mì HN,Ăn uống,72000
15/10/2025,1/10/2025,Nấu ăn,Ăn uống,72000
24/1/2026,1/1/2026,Ăn tối,Ăn uống,72000
7/8/2024,1/8/2024,Ăn vặt ,Ăn uống,71000
27/7/2025,1/7/2025,Nước dừa King food,Ăn uống,71000
25/11/2023,1/11/2023,Bún đậu,Ăn uống,70000
30/1/2024,1/1/2024,2 kg me,Ăn uống,70000
5/2/2024,1/2/2024,Trò chơi,Chi phí Suna,70000
5/5/2024,1/5/2024,Bún đậu,Ăn uống,70000
5/6/2024,1/6/2024,món Lòng ,Ăn uống,70000
8/6/2024,1/6/2024,Bún cá,Ăn uống,70000
23/6/2024,1/6/2024,Cf,Ăn uống,70000
6/7/2024,1/7/2024,Ăn sáng,Ăn uống,70000
7/7/2024,1/7/2024,Cf,Ăn uống,70000
15/8/2024,1/8/2024,Nước dừa,Ăn uống,70000
23/8/2024,1/8/2024,Ăn tối vịt lộn + miến gà,Ăn uống,70000
7/9/2024,1/9/2024,Dép Suna,Chi phí Suna,70000
2/11/2024,1/11/2024,BHX,Ăn uống,70000
3/11/2024,1/11/2024,Tái khám mắt Suna,Phát sinh,70000
7/11/2024,1/11/2024,cf,Ăn uống,70000
20/11/2024,1/11/2024,Ăn sáng bún bò,Ăn uống,70000
26/1/2025,1/1/2025,Gội đầu,Phát sinh,70000
13/3/2025,1/3/2025,Grab từ bus về Vin,Phát sinh,70000
31/3/2025,1/3/2025,Grab ngã 4 TĐ về Vin,Phát sinh,70000
29/4/2025,1/4/2025,Ăn sáng,Ăn uống,70000
13/5/2025,1/5/2025,Nước dừa (4 trái),Ăn uống,70000
20/5/2025,1/5/2025,Cá viên ,Ăn uống,70000
30/5/2025,1/5/2025,Grab bike về chung cư,Phát sinh,70000
30/5/2025,1/5/2025,Ăn trưa,Ăn uống,70000
19/6/2025,1/6/2025,Ăn sáng,Ăn uống,70000
31/8/2025,1/8/2025,Chả cuốn cá trích,Phát sinh,70000
15/12/2025,1/12/2025,Thuê xe nửa ngày,Phát sinh,70000
27/12/2025,1/12/2025,Áo Tết Suna,Chi phí Suna,70000
17/1/2026,1/1/2026,Túi zip + cước,Phát sinh,70000
9/4/2024,1/4/2024,Shopee,Phát sinh,69000
8/12/2024,1/12/2024,BHX,Ăn uống,69000
14/3/2025,1/3/2025,Trái cây,Ăn uống,69000
22/4/2025,1/4/2025,Grab về vin,Phát sinh,69000
22/4/2025,1/4/2025,gà rán,Ăn uống,69000
15/12/2025,1/12/2025,Cộng,Ăn uống,69000
29/5/2025,1/5/2025,Nước dừa,Ăn uống,68000
5/11/2025,1/11/2025,Ăn sáng,Ăn uống,68000
8/11/2025,1/11/2025,Ăn sáng,Ăn uống,68000
12/11/2025,1/11/2025,Ăn sáng,Ăn uống,68000
22/1/2025,1/1/2025,Mua đồ trang trí tết,Phát sinh,67000
27/11/2025,1/11/2025,Râu mực,Ăn uống,67000
14/2/2026,1/2/2026,Cf ,Ăn uống,67000
2/6/2024,1/6/2024,Gà rán,Ăn uống,66000
25/6/2024,1/6/2024,Nước đá me,Ăn uống,66000
20/8/2025,1/8/2025,Kingfood,Ăn uống,66000
9/3/2024,1/3/2024,Sữa TH + kem,Chi phí Suna,65000
1/8/2024,1/8/2024,Kem + nước,Ăn uống,65000
15/8/2024,1/8/2024,Cá viên,Ăn uống,65000
5/10/2024,1/10/2024,nước dừa,Ăn uống,65000
19/2/2025,1/2/2025,Bread Talk,Ăn uống,65000
23/2/2025,1/2/2025,Bánh mì bread talk,Ăn uống,65000
18/3/2025,1/3/2025,Bánh mì Thành Phát,Ăn uống,65000
3/5/2025,1/5/2025,bánh gạo ,Ăn uống,65000
4/1/2026,1/1/2026,Ăn sáng,Ăn uống,65000
10/1/2026,1/1/2026,Ăn sáng,Ăn uống,65000
17/1/2026,1/1/2026,Ăn sáng,Ăn uống,65000
23/1/2026,1/1/2026,Ăn tối,Ăn uống,65000
1/2/2026,1/2/2026,Ăn sáng,Ăn uống,65000
24/2/2026,1/2/2026,Ăn sáng,Ăn uống,65000
21/11/2023,1/11/2023,Khẩu trang Na,Chi phí Suna,64000
10/12/2023,1/12/2023,Tiền nước,Điện nước,64000
15/6/2024,1/6/2024,Bánh mì,Ăn uống,64000
29/12/2024,1/12/2024,Aeon,Ăn uống,64000
27/10/2025,1/10/2025,Nấu ăn tối,Ăn uống,64000
17/11/2025,1/11/2025,Ăn trưa,Ăn uống,64000
9/11/2023,1/11/2023,Bánh tráng trộn,Ăn uống,63000
24/11/2023,1/11/2023,Bánh tráng trộn,Ăn uống,63000
21/12/2023,1/12/2023,Bánh gà,Ăn uống,63000
13/4/2024,1/4/2024,bmi Hà Nội,Ăn uống,62000
21/11/2024,1/11/2024,Bánh mì ngọt,Ăn uống,62000
1/7/2025,1/7/2025,Nhà bmt,Điện nước,62000
29/11/2025,1/11/2025,Esim Malay,Phát sinh,62000
10/1/2026,1/1/2026,Siu thị Coopmart,Ăn uống,62000
1/2/2026,1/2/2026,Chè quán chay,Ăn uống,62000
6/7/2025,1/7/2025,Khắn giấy coopmart,Ăn uống,61000
17/8/2025,1/8/2025,Sữa Suna,Chi phí Suna,61000
15/11/2023,1/11/2023,Bánh sâu gà,Ăn uống,60000
19/11/2023,1/11/2023,Vớ Na,Chi phí Suna,60000
31/12/2023,1/12/2023,Đập bum bum,Chi phí Suna,60000
20/1/2024,1/1/2024,Xe lửa ,Chi phí Suna,60000
20/1/2024,1/1/2024,Đập bum,Chi phí Suna,60000
20/3/2024,1/3/2024,Cơm gà,Ăn uống,60000
1/4/2024,1/4/2024,Bánh canh cá dẳm,Ăn uống,60000
13/4/2024,1/4/2024,"Ăn tối, bánh canh",Ăn uống,60000
9/6/2024,1/6/2024,Ăn sáng,Ăn uống,60000
13/6/2024,1/6/2024,Ăn sáng,Ăn uống,60000
23/6/2024,1/6/2024,Ăn sáng ,Ăn uống,60000
26/6/2024,1/6/2024,Hủ tiếu Nam Vang,Ăn uống,60000
7/7/2024,1/7/2024,Ăn sáng,Ăn uống,60000
9/8/2024,1/8/2024,Nước uống,Ăn uống,60000
17/8/2024,1/8/2024,Áo mưa,Chi phí Suna,60000
13/10/2024,1/10/2024,Mua quà cho Suna,Phát sinh,60000
22/10/2024,1/10/2024,SM đi ra sân bay,Phát sinh,60000
10/11/2024,1/11/2024,Bánh bao,Ăn uống,60000
14/12/2024,1/12/2024,Ăn sáng,Ăn uống,60000
28/1/2025,1/1/2025,hoa ,Phát sinh,60000
24/2/2025,1/2/2025,Bún bò,Ăn uống,60000
26/2/2025,1/2/2025,uống nước,Ăn uống,60000
28/2/2025,1/2/2025,Uống nước,Ăn uống,60000
10/3/2025,1/3/2025,Bánh xèo,Ăn uống,60000
29/3/2025,1/3/2025,Bếp ck tui,Ăn uống,60000
13/4/2025,1/4/2025,Siro ho,Phát sinh,60000
21/4/2025,1/4/2025,Ăn sáng bánh canh,Ăn uống,60000
26/4/2025,1/4/2025,Ăn sáng,Ăn uống,60000
17/6/2025,1/6/2025,Bún thịt nướng,Ăn uống,60000
20/6/2025,1/6/2025,Chổi cọ vệ sinh,Phát sinh,60000
24/6/2025,1/6/2025,Ăn sáng,Ăn uống,60000
2/7/2025,1/7/2025,Ăn sáng,Ăn uống,60000
8/7/2025,1/7/2025,Ăn sáng,Ăn uống,60000
13/7/2025,1/7/2025,Cf sáng,Ăn uống,60000
19/7/2025,1/7/2025,Ăn sáng,Ăn uống,60000
29/7/2025,1/7/2025,Ăn sáng,Ăn uống,60000
3/8/2025,1/8/2025,Ăn sáng,Ăn uống,60000
23/8/2025,1/8/2025,vé Vins trò chơi,Phát sinh,60000
11/9/2025,1/9/2025,Ăn sáng,Ăn uống,60000
1/11/2025,1/11/2025,Game công viên,Phát sinh,60000
14/11/2025,1/11/2025,Chè,Ăn uống,60000
30/11/2025,1/11/2025,Trò chơi tàu lửa,Phát sinh,60000
7/12/2025,1/12/2025,CF sáng,Ăn uống,60000
25/2/2026,1/2/2026,Heo quay,Ăn uống,60000
8/3/2026,1/3/2026,Nấu ăn Kingfood,Ăn uống,60000
7/11/2024,1/11/2024,cá viên chiên,Ăn uống,59000
27/11/2025,1/11/2025,Bánh mì,Ăn uống,59000
15/12/2025,1/12/2025,Decal dán kính Tết,Phát sinh,59000
27/12/2025,1/12/2025,Cây lăn bụi,Phát sinh,59000
17/1/2026,1/1/2026,Nước,Ăn uống,59000
28/10/2023,1/10/2023,"Go, cơm chiên",Ăn uống,58000
8/5/2024,1/5/2024,Ba ăn trưa,Ăn uống,58000
28/5/2024,1/5/2024,Đồ chơi Suna,Chi phí Suna,58000
3/8/2024,1/8/2024,Đi grab,Phát sinh,58000
18/2/2025,1/2/2025,Băng đô ,Phát sinh,58000
14/3/2025,1/3/2025,7 eleven,Ăn uống,58000
21/11/2025,1/11/2025,kem,Ăn uống,58000
21/11/2025,1/11/2025,Kem ,Ăn uống,58000
30/11/2025,1/11/2025,Ăn sáng ,Ăn uống,58000
7/12/2025,1/12/2025,Ăn sáng,Ăn uống,58000
28/2/2026,1/2/2026,Ăn sáng,Ăn uống,58000
6/1/2024,1/1/2024,Grab,Phát sinh,57000
4/8/2025,1/8/2025,Ăn sáng ba,Ăn uống,57000
20/8/2025,1/8/2025,Sữa chua,Ăn uống,57000
5/12/2025,1/12/2025,Thuốc tẩy giun,Phát sinh,57000
20/1/2024,1/1/2024,Ăn tối,Ăn uống,56000
1/9/2024,1/9/2024,Trạm thu phi,Phát sinh,56000
30/11/2025,1/11/2025,Bánh mì,Ăn uống,56000
13/12/2025,1/12/2025,Kem flan,Ăn uống,56000
1/2/2026,1/2/2026,Tiệm bánh mì,Ăn uống,56000
3/1/2024,1/1/2024,Bánh chuối ,Ăn uống,55000
2/2/2024,1/2/2024,Ăn sáng,Ăn uống,55000
1/5/2024,1/5/2024,Sinh tố + dừa,Ăn uống,55000
1/5/2024,1/5/2024,Cá khô,Ăn uống,55000
11/6/2024,1/6/2024,Khoai bong bóng,Ăn uống,55000
24/7/2024,1/7/2024,Kem + trà,Ăn uống,55000
5/8/2024,1/8/2024,Trà ,Ăn uống,55000
17/8/2024,1/8/2024,Tô tượng,Ăn uống,55000
20/11/2024,1/11/2024,Siu thị Coopmart,Ăn uống,55000
10/12/2024,1/12/2024,decan dán kính tết,Phát sinh,55000
14/12/2024,1/12/2024,Cafe,Ăn uống,55000
17/3/2025,1/3/2025,Bánh bò thốt nốt,Ăn uống,55000
19/3/2025,1/3/2025,Nước + bánh,Ăn uống,55000
18/5/2025,1/5/2025,2 mẹ con ăn chiều,Ăn uống,55000
22/5/2025,1/5/2025,Bánh bò,Ăn uống,55000
7/6/2025,1/6/2025,Bánh bò,Ăn uống,55000
16/7/2025,1/7/2025,Sủi cảo,Ăn uống,55000
7/9/2025,1/9/2025,Bánh mì,Ăn uống,55000
2/11/2025,1/11/2025,cf sáng,Ăn uống,55000
18/11/2025,1/11/2025,Đặt cọc bánh Danny,Ăn uống,55000
21/11/2025,1/11/2025,Nước dừa Kingfood,Ăn uống,55000
9/3/2026,1/3/2026,Chè,Ăn uống,55000
13/8/2024,1/8/2024,Tiền nước tháng 7,Điện nước,54726
21/11/2024,1/11/2024,cơm trưa,Ăn uống,54000
5/6/2025,1/6/2025,Làm thẻ xe oto,Phát sinh,54000
15/1/2024,1/1/2024,Đồ chơi Suna,Chi phí Suna,53000
25/3/2024,1/3/2024,Cơm chiên,Ăn uống,53000
29/5/2024,1/5/2024,Takoyaki,Ăn uống,53000
6/7/2024,1/7/2024,Bánh mì Hà Nội,Ăn uống,53000
18/1/2025,1/1/2025,Giấy vệ sinh,Phát sinh,53000
29/10/2025,1/10/2025,Kẹo ngậm ho (ba),Phát sinh,53000
26/11/2025,1/11/2025,Nấu ăn Kingfood,Ăn uống,53000
19/11/2023,1/11/2023,Mì udon + sua chua,Ăn uống,52000
13/12/2025,1/12/2025,Mua sua tắm,Phát sinh,52000
10/3/2026,1/3/2026,Ăn tối,Ăn uống,52000
28/11/2023,1/11/2023,Grab từ nhà ngoại về,Phát sinh,51000
29/11/2023,1/11/2023,Đồ ăn trưa ba,Ăn uống,51000
10/1/2024,1/1/2024,Tiền nước tháng,Điện nước,51000
6/8/2025,1/8/2025,Trà sữa Koi,Ăn uống,51000
20/12/2025,1/12/2025,Thịt heo,Ăn uống,51000
15/10/2023,1/10/2023,Mua xu,Chi phí Suna,50000
11/12/2023,1/12/2023,Trái cây,Ăn uống,50000
1/1/2024,1/1/2024,Đập bum bum,Chi phí Suna,50000
7/1/2024,1/1/2024,Grab ,Phát sinh,50000
14/1/2024,1/1/2024,hạt đậu,Ăn uống,50000
21/1/2024,1/1/2024,Na chơi đập bum,Chi phí Suna,50000
28/3/2024,1/3/2024,Hình thẻ Suna,Chi phí Suna,50000
13/4/2024,1/4/2024,Đập bum,Chi phí Suna,50000
18/5/2024,1/5/2024,Tô tượng,Chi phí Suna,50000
14/6/2024,1/6/2024,Ăn sáng,Ăn uống,50000
27/6/2024,1/6/2024,Bánh ướt,Ăn uống,50000
2/7/2024,1/7/2024,Sáng ,Ăn uống,50000
3/8/2024,1/8/2024,Đi grab,Phát sinh,50000
10/8/2024,1/8/2024,cf sáng,Ăn uống,50000
7/9/2024,1/9/2024,Sinh tô sapoche,Ăn uống,50000
20/10/2024,1/10/2024,SM đi nhà thờ,Phát sinh,50000
20/10/2024,1/10/2024,Xe chạy nội khu,Phát sinh,50000
3/11/2024,1/11/2024,Thay pin khóa xe ba,Phát sinh,50000
8/12/2024,1/12/2024,Ăn sáng,Ăn uống,50000
1/1/2025,1/1/2025,Xe tuk tuk,Phát sinh,50000
24/1/2025,1/1/2025,Thuốc Suna,Phát sinh,50000
28/1/2025,1/1/2025,Nải chuối,Phát sinh,50000
21/2/2025,1/2/2025,xe tuk tuk,Phát sinh,50000
26/2/2025,1/2/2025,Ăn sáng,Ăn uống,50000
3/3/2025,1/3/2025,Ăn sáng,Ăn uống,50000
18/3/2025,1/3/2025,Bánh ướt,Ăn uống,50000
27/3/2025,1/3/2025,Ăn sáng,Ăn uống,50000
29/3/2025,1/3/2025,Sinh tố,Ăn uống,50000
26/4/2025,1/4/2025,Sinh tố ,Ăn uống,50000
1/5/2025,1/5/2025,Sữa Probi TH,Ăn uống,50000
10/5/2025,1/5/2025,Sữa TH propi,Ăn uống,50000
3/7/2025,1/7/2025,Ăn sáng ba,Ăn uống,50000
19/7/2025,1/7/2025,Grab giao hàng,Phát sinh,50000
11/8/2025,1/8/2025,Bàn tính soroban,Chi phí Suna,50000
23/8/2025,1/8/2025,Tré trộn,Ăn uống,50000
24/1/2026,1/1/2026,Bánh cam,Ăn uống,50000
15/5/2025,1/5/2025,Bánh liên hoan Suna,Chi phí Suna,49000
3/11/2025,1/11/2025,Kem tạo bọt cạo râu,Phát sinh,49000
3/4/2024,1/4/2024,Yakult,Ăn uống,48000
21/9/2024,1/9/2024,Cf,Ăn uống,48000
26/10/2024,1/10/2024,Kem flan,Ăn uống,48000
25/11/2024,1/11/2024,Kem flan,Ăn uống,48000
19/7/2025,1/7/2025,Trứng vịt lộn,Ăn uống,47000
25/10/2025,1/10/2025,Nấu ăn tối,Ăn uống,47000
31/12/2023,1/12/2023,Bánh ,Ăn uống,46000
2/3/2025,1/3/2025,Giao hàng đồ ăn,Phát sinh,46000
19/11/2025,1/11/2025,Bánh tráng trộn,Ăn uống,46000
10/12/2025,1/12/2025,Thuốc hạ sốt Suna,Chi phí Suna,46000
9/1/2026,1/1/2026,Nấu ăn Kingfood,Ăn uống,46000
5/1/2024,1/1/2024,Bánh tằm,Ăn uống,45000
19/5/2024,1/5/2024,Cafe,Ăn uống,45000
15/7/2024,1/7/2024,Cf + Ăn sáng ba,Ăn uống,45000
15/7/2024,1/7/2024,Kem + nước ,Ăn uống,45000
25/7/2024,1/7/2024,Bánh bao,Ăn uống,45000
6/10/2024,1/10/2024,Tokbokki,Ăn uống,45000
21/11/2024,1/11/2024,cơm trưa,Ăn uống,45000
26/2/2025,1/2/2025,BHX,Ăn uống,45000
1/3/2025,1/3/2025,Sữa Fisti dâu,Ăn uống,45000
13/7/2025,1/7/2025,shipper giao hàng,Phát sinh,45000
13/7/2025,1/7/2025,Ăn sáng,Ăn uống,45000
28/7/2025,1/7/2025,Hột vịt lộn,Ăn uống,45000
10/8/2025,1/8/2025,Ăn sáng,Ăn uống,45000
12/10/2025,1/10/2025,Cháo ,Chi phí Suna,45000
15/12/2025,1/12/2025,Golden Bakery,Ăn uống,45000
18/12/2024,1/12/2024,Băng vs,Phát sinh,44000
18/5/2024,1/5/2024,Nước giặt dnee,Chi phí Suna,43000
25/4/2025,1/4/2025,CF sáng,Ăn uống,43000
22/10/2025,1/10/2025,Nấu ăn tối,Ăn uống,43000
9/11/2025,1/11/2025,Đồ chơi ,Chi phí Suna,43000
24/12/2025,1/12/2025,Nấu ăn Kingfood,Ăn uống,43000
8/2/2024,1/2/2024,Tiền nước tháng 1,Điện nước,42000
19/11/2024,1/11/2024,Ga giường,Phát sinh,42000
13/4/2025,1/4/2025,Bánh mì Hà Nội,Ăn uống,42000
6/8/2025,1/8/2025,Mua thuốc,Phát sinh,42000
6/11/2025,1/11/2025,Cf,Ăn uống,42000
4/10/2023,1/10/2023,Bánh mì thịt,Ăn uống,40000
21/11/2023,1/11/2023,Quần chip shopee Na,Chi phí Suna,40000
2/1/2024,1/1/2024,bánh rán,Ăn uống,40000
7/6/2024,1/6/2024,Khoai lang bong bóng,Ăn uống,40000
8/6/2024,1/6/2024,Khoai lang bong bóng,Ăn uống,40000
28/6/2024,1/6/2024,Ăn sáng ,Ăn uống,40000
12/7/2024,1/7/2024,Cá viên chiên,Ăn uống,40000
21/7/2024,1/7/2024,Đi lễ nhà thờ,Phát sinh,40000
18/8/2024,1/8/2024,Nước dừa + đậu đen,Ăn uống,40000
11/11/2024,1/11/2024,Giày múa,Chi phí Suna,40000
16/11/2024,1/11/2024,Phao bơi Suna,Phát sinh,40000
30/11/2024,1/11/2024,Nước dừa,Ăn uống,40000
14/12/2024,1/12/2024,Bánh,Ăn uống,40000
4/3/2025,1/3/2025,Bánh mì heo quay,Ăn uống,40000
15/3/2025,1/3/2025,Chè trôi nước,Ăn uống,40000
25/3/2025,1/3/2025,Phở ,Ăn uống,40000
30/4/2025,1/4/2025,Ăn sáng,Ăn uống,40000
18/5/2025,1/5/2025,Hút mũi Suna,Chi phí Suna,40000
7/6/2025,1/6/2025,Hút mũi Suna,Chi phí Suna,40000
7/6/2025,1/6/2025,Bánh mì heo quay,Ăn uống,40000
15/6/2025,1/6/2025,Bánh cuốn,Ăn uống,40000
25/6/2025,1/6/2025,Ăn sáng,Ăn uống,40000
23/8/2025,1/8/2025,Xiên nướng,Ăn uống,40000
7/9/2025,1/9/2025,Bánh mì,Ăn uống,40000
15/9/2025,1/9/2025,Kingfood,Ăn uống,40000
5/11/2025,1/11/2025,Bánh tráng trộn,Ăn uống,40000
8/11/2025,1/11/2025,Cf ,Ăn uống,40000
21/11/2025,1/11/2025,Hột vịt lộn,Ăn uống,40000
21/11/2025,1/11/2025,Trứng nướng,Ăn uống,40000
26/11/2025,1/11/2025,Bánh cam,Ăn uống,40000
15/12/2025,1/12/2025,Nguyen Hoàng Bakery,Ăn uống,40000
26/12/2025,1/12/2025,Bánh cam,Ăn uống,40000
10/1/2026,1/1/2026,Bánh cam,Ăn uống,40000
22/1/2026,1/1/2026,Bánh cam,Ăn uống,40000
11/3/2026,1/3/2026,Bánh tráng trộn,Ăn uống,40000
24/11/2024,1/11/2024,Sữa TH,Ăn uống,39000
20/2/2025,1/2/2025,Cf & paparoti,Ăn uống,39000
23/4/2025,1/4/2025,Grab về TO,Phát sinh,39000
1/10/2023,1/10/2023,Khẩu trang y tế,Phát sinh,38000
6/6/2025,1/6/2025,grab ra xe TO,Phát sinh,38000
30/12/2025,1/12/2025,Bánh Muji,Ăn uống,38000
25/2/2024,1/2/2024,Kem TH,Chi phí Suna,37000
25/2/2024,1/2/2024,BHX,Ăn uống,37000
27/12/2025,1/12/2025,Sữa tiệt trùng,Ăn uống,37000
7/5/2025,1/5/2025,Bánh cupcake nho,Ăn uống,36000
31/12/2025,1/12/2025,Kem flan,Ăn uống,36000
14/1/2026,1/1/2026,Kem flan,Ăn uống,36000
17/3/2024,1/3/2024,Cháo,Ăn uống,35000
18/5/2024,1/5/2024,Bánh mi,Ăn uống,35000
6/6/2024,1/6/2024,Chuối chiên,Ăn uống,35000
15/6/2024,1/6/2024,Nước uống,Ăn uống,35000
27/7/2024,1/7/2024,Nước uống mẹ,Ăn uống,35000
2/8/2024,1/8/2024,nước trà,Ăn uống,35000
2/8/2024,1/8/2024,Bánh castella,Ăn uống,35000
8/8/2024,1/8/2024,Bánh castella,Ăn uống,35000
26/8/2024,1/8/2024,Snack ,Ăn uống,35000
14/9/2024,1/9/2024,Chổi,Phát sinh,35000
20/9/2024,1/9/2024,Bánh mì,Ăn uống,35000
19/10/2024,1/10/2024,Bánh mì,Ăn uống,35000
24/1/2025,1/1/2025,Sữa TH,Ăn uống,35000
28/4/2025,1/4/2025,Ăn sáng,Ăn uống,35000
1/5/2025,1/5/2025,Mỳ Ý,Ăn uống,35000
11/5/2025,1/5/2025,Mỳ ý,Ăn uống,35000
7/6/2025,1/6/2025,CF,Ăn uống,35000
7/6/2025,1/6/2025,Mỳ ý ,Ăn uống,35000
3/7/2025,1/7/2025,Ăn sáng mẹ,Ăn uống,35000
30/11/2025,1/11/2025,Bánh tráng trộn,Ăn uống,35000
3/12/2025,1/12/2025,Bánh tráng trộn,Ăn uống,35000
15/12/2025,1/12/2025,Kẹo dẻo,Ăn uống,35000
3/1/2026,1/1/2026,Cf,Ăn uống,35000
4/1/2026,1/1/2026,Bánh tráng trộn,Ăn uống,35000
23/1/2026,1/1/2026,Cf sáng,Ăn uống,35000
28/7/2024,1/7/2024,Tiền đi grab về nhà,Phát sinh,34000
7/6/2025,1/6/2025,Nước dừa,Ăn uống,34000
20/1/2024,1/1/2024,Trà sữa,Ăn uống,33000
14/5/2024,1/5/2024,Đóng thêm phí BH,Phát sinh,33000
4/9/2024,1/9/2024,Sinh tố.,Ăn uống,33000
18/2/2025,1/2/2025,Kem,Ăn uống,33000
9/7/2025,1/7/2025,Bánh mì,Ăn uống,33000
29/12/2025,1/12/2025,Siu thị coopmart,Ăn uống,33000
5/1/2026,1/1/2026,Nấu ăn Kingfood,Ăn uống,33000
29/10/2023,1/10/2023,Bánh mì,Ăn uống,32000
1/4/2024,1/4/2024,Tra sua,Ăn uống,32000
18/4/2024,1/4/2024,Kem sicula,Chi phí Suna,32000
20/4/2025,1/4/2025,Thuốc cảm ba,Phát sinh,32000
5/7/2025,1/7/2025,Phí trạm ,Phát sinh,32000
3/8/2025,1/8/2025,Miếng dán mồ hôi nách,Phát sinh,32000
6/12/2025,1/12/2025,Bánh bao,Ăn uống,32000
26/12/2025,1/12/2025,Nấu ăn Kingfood,Ăn uống,32000
30/3/2025,1/3/2025,Nước dừa,Ăn uống,31000
11/4/2025,1/4/2025,Bánh mì Hà Nội,Ăn uống,31000
15/4/2025,1/4/2025,Mua pin,Phát sinh,31000
12/6/2025,1/6/2025,Thanh toán tiền nước Ymoan,Điện nước,31000
28/2/2026,1/2/2026,Đi grab ra metro,Phát sinh,31000
8/10/2023,1/10/2023,Dép toilet,Phát sinh,30000
18/11/2023,1/11/2023,Bánh mì,Ăn uống,30000
20/11/2023,1/11/2023,Cf,Ăn uống,30000
10/3/2024,1/3/2024,Tiền đập bum,Chi phí Suna,30000
14/6/2024,1/6/2024,Khoai bong bóng,Ăn uống,30000
8/7/2024,1/7/2024,Ăn sáng ba,Ăn uống,30000
20/7/2024,1/7/2024,Bánh mì Hà Nội,Ăn uống,30000
27/7/2024,1/7/2024,Mẹ ăn sáng,Ăn uống,30000
29/11/2024,1/11/2024,khoai lang bong bóng,Ăn uống,30000
1/12/2024,1/12/2024,Bún cá,Ăn uống,30000
18/12/2024,1/12/2024,Thuốc ho,Phát sinh,30000
5/3/2025,1/3/2025,Mua bánh cho cô giáo ,Phát sinh,30000
10/3/2025,1/3/2025,thịt nướng,Ăn uống,30000
9/4/2025,1/4/2025,Bánh mì que,Ăn uống,30000
12/4/2025,1/4/2025,Nước Mẵng cầu,Ăn uống,30000
25/5/2025,1/5/2025,Bánh tráng trộn,Ăn uống,30000
21/7/2025,1/7/2025,Bún thịt nướng,Ăn uống,30000
6/8/2025,1/8/2025,Bún thịt nướng,Ăn uống,30000
20/8/2025,1/8/2025,Pin tiểu,Phát sinh,30000
20/12/2025,1/12/2025,Chơi game Vins,Phát sinh,30000
4/1/2026,1/1/2026,Bánh cam,Ăn uống,30000
4/1/2026,1/1/2026,Nước sâm,Ăn uống,30000
23/1/2026,1/1/2026,Bánh mì,Ăn uống,30000
26/2/2026,1/2/2026,Bánh trôi nước,Ăn uống,30000
23/11/2024,1/11/2024,Nước dừa,Ăn uống,29000
17/5/2025,1/5/2025,Băng keo trong dán đồ,Phát sinh,28500
10/5/2024,1/5/2024,Tiền nước tháng 5,Điện nước,28342
11/4/2024,1/4/2024,Tiền nước tháng 4,Điện nước,28000
11/6/2024,1/6/2024,Tiền nước tháng 5,Điện nước,28000
12/6/2024,1/6/2024,Bánh hotdog,Ăn uống,28000
24/2/2025,1/2/2025,Cf ba,Ăn uống,28000
26/2/2025,1/2/2025,Cf ba,Ăn uống,28000
3/3/2025,1/3/2025,cf ba,Ăn uống,28000
4/3/2025,1/3/2025,Cf ba ,Ăn uống,28000
9/3/2025,1/3/2025,mì cay,Ăn uống,28000
18/3/2025,1/3/2025,Cf ba,Ăn uống,28000
19/3/2025,1/3/2025,Cf ba,Ăn uống,28000
24/3/2025,1/3/2025,cf ba,Ăn uống,28000
25/3/2025,1/3/2025,Cf ba,Ăn uống,28000
27/3/2025,1/3/2025,Cf ba,Ăn uống,28000
28/3/2025,1/3/2025,Cf ba,Ăn uống,28000
5/4/2025,1/4/2025,vé metro,Phát sinh,28000
25/7/2025,1/7/2025,Xe grab bike,Phát sinh,28000
9/8/2025,1/8/2025,Grab bike,Phát sinh,28000
12/5/2024,1/5/2024,Sinh tố,Ăn uống,27000
22/4/2025,1/4/2025,Truyện cho Suna,Phát sinh,27000
22/10/2025,1/10/2025,Hột vịt lộn,Ăn uống,27000
16/1/2026,1/1/2026,Vanilla,Phát sinh,27000
27/11/2025,1/11/2025,Phin cf,Phát sinh,26000
13/1/2026,1/1/2026,Hủ thủy tinh ,Phát sinh,26000
5/3/2026,1/3/2026,Túi lọc rác,Phát sinh,26000
13/6/2024,1/6/2024,cf sáng,Ăn uống,25000
14/6/2024,1/6/2024,Cf sáng,Ăn uống,25000
26/6/2024,1/6/2024,Cf ba,Ăn uống,25000
27/6/2024,1/6/2024,cf ba,Ăn uống,25000
28/6/2024,1/6/2024,Cf ba,Ăn uống,25000
2/7/2024,1/7/2024,Cf ba,Ăn uống,25000
8/7/2024,1/7/2024,Cf ba,Ăn uống,25000
24/7/2024,1/7/2024,Bánh bao,Ăn uống,25000
26/7/2024,1/7/2024,Bánh bao,Ăn uống,25000
6/10/2024,1/10/2024,Sinh tố,Ăn uống,25000
22/3/2025,1/3/2025,Rửa hình Suna,Phát sinh,25000
25/3/2025,1/3/2025,Mì quảng,Ăn uống,25000
26/4/2025,1/4/2025,Cá viên chiên,Ăn uống,25000
3/5/2025,1/5/2025,Bánh mi thịt,Ăn uống,25000
27/8/2025,1/8/2025,Bánh bò,Ăn uống,25000
22/11/2025,1/11/2025,Sữa yakult,Chi phí Suna,25000
9/8/2025,1/8/2025,Grab bike,Phát sinh,24000
22/10/2025,1/10/2025,Kem Heydem,Phát sinh,24000
9/11/2025,1/11/2025,Bánh muji,Ăn uống,24000
14/12/2025,1/12/2025,Bánh Donut,Ăn uống,24000
10/1/2026,1/1/2026,Nước sâm,Ăn uống,24000
25/5/2024,1/5/2024,Bánh cam,Ăn uống,23000
26/8/2024,1/8/2024,Mua thuốc Quỳnh,Phát sinh,23000
24/12/2025,1/12/2025,Nấu ăn Kingfood,Ăn uống,23000
1/6/2024,1/6/2024,Grab,Phát sinh,22000
1/8/2025,1/8/2025,Tiền điện ymoan,Điện nước,21000
30/11/2025,1/11/2025,Sữa pororo,Ăn uống,21000
21/10/2023,1/10/2023,Bánh ,Ăn uống,20000
29/10/2023,1/10/2023,Xu,Chi phí Suna,20000
17/12/2023,1/12/2023,Gỏi,Ăn uống,20000
14/1/2024,1/1/2024,đập bum bum,Chi phí Suna,20000
3/3/2024,1/3/2024,Đập bum,Chi phí Suna,20000
13/4/2024,1/4/2024,Sinh tố,Ăn uống,20000
13/4/2024,1/4/2024,cắt tóc,Phát sinh,20000
27/11/2024,1/11/2024,Khoai lang bong bóng,Ăn uống,20000
7/12/2024,1/12/2024,Bỏ thùng nhà thờ,Phát sinh,20000
9/3/2025,1/3/2025,Bánh giò,Ăn uống,20000
10/3/2025,1/3/2025,Gửi xe,Phát sinh,20000
14/3/2025,1/3/2025,7 eleven,Ăn uống,20000
25/3/2025,1/3/2025,Nước mía,Ăn uống,20000
20/4/2025,1/4/2025,Nước mìa,Ăn uống,20000
26/4/2025,1/4/2025,Bỏ thùng tiền nhà thờ,Phát sinh,20000
5/5/2025,1/5/2025,Biển bán nhà,Phát sinh,20000
27/5/2025,1/5/2025,Băng keo dán,Phát sinh,20000
16/7/2025,1/7/2025,Nước dừa,Ăn uống,20000
16/12/2025,1/12/2025,Nước Suối,Ăn uống,20000
6/2/2026,1/2/2026,Gửi xe oto,Phát sinh,20000
10/3/2026,1/3/2026,Bánh cam,Ăn uống,20000
10/3/2026,1/3/2026,Bấm dây thắt lưng,Phát sinh,20000
26/1/2026,1/1/2026,Nấu ăn Kingfood,Ăn uống,18000
20/11/2025,1/11/2025,Bò bía cuộn,Ăn uống,17500
24/3/2025,1/3/2025,Gửi thư a H,Phát sinh,17000
3/11/2025,1/11/2025,Siu thị Kingfood,Ăn uống,17000
15/2/2025,1/2/2025,Kem flan,Ăn uống,16000
19/5/2025,1/5/2025,Bánh mì thịt,Ăn uống,16000
20/1/2024,1/1/2024,Bánh gạo,Ăn uống,15000
15/2/2025,1/2/2025,Bánh tráng nướng,Ăn uống,15000
17/4/2025,1/4/2025,Grab,Phát sinh,15000
7/5/2025,1/5/2025,Bánh mi thịt,Ăn uống,15000
29/5/2025,1/5/2025,Thuốc,Phát sinh,15000
18/11/2025,1/11/2025,Kéo Suna,Chi phí Suna,15000
20/1/2024,1/1/2024,Đường phèn,Ăn uống,14000
11/7/2025,1/7/2025,Chi phí nước bmt,Điện nước,14000
11/8/2025,1/8/2025,hóa đơn nước Ymoan,Điện nước,14000
8/9/2025,1/9/2025,Shopee - Vani làm bánh,Phát sinh,14000
10/9/2025,1/9/2025,Shopee (vani làm bánh),Phát sinh,14000
31/12/2025,1/12/2025,Nấu ăn Kingfood,Ăn uống,13000
30/11/2024,1/11/2024,Bánh ống,Ăn uống,12000
10/7/2025,1/7/2025,Sốt thịt kho,Ăn uống,10800
9/3/2025,1/3/2025,xúc xich,Ăn uống,10000
18/3/2025,1/3/2025,Băng đô,Phát sinh,10000
28/3/2025,1/3/2025,nước mía,Ăn uống,10000
30/4/2025,1/4/2025,Chè,Ăn uống,10000
15/5/2025,1/5/2025,Bánh tráng nướng,Ăn uống,10000
31/5/2025,1/5/2025,Nước ,Ăn uống,10000
26/7/2024,1/7/2024,Sữa nutri,Chi phí Suna,8000
22/1/2026,1/1/2026,In ấn,Phát sinh,7000
22/11/2025,1/11/2025,Giữ xe máy,Phát sinh,6000
